date,time,pm25,temperature,pressure,humidity,wind
13-06-2024,12:23:14,73,31,1015,62,3
13-06-2024,11:56:38,76,31,1014,66,3
13-06-2024,12:00:50,76,31,1014,66,3
13-06-2024,12:15:52,76,31,1014,66,3
13-06-2024,12:18:49,76,31,1014,66,3
13-06-2024,13:11:04,77,32,1013,62,4
13-06-2024,14:09:16,80,32,1013,59,3
13-06-2024,15:09:06,83,33,1012,55,3
13-06-2024,16:12:20,83,33,1012,55,3
13-06-2024,17:48:31,83,33,1012,55,3
13-06-2024,17:48:51,83,33,1012,55,3
13-06-2024,16:33:31,83,33,1012,55,3
13-06-2024,16:52:36,83,33,1012,55,3
13-06-2024,17:09:28,83,33,1012,55,3
13-06-2024,18:12:48,83,33,1012,55,3
13-06-2024,19:08:26,83,33,1012,55,3
13-06-2024,20:10:52,83,33,1012,55,3
13-06-2024,21:10:39,83,33,1012,55,3
13-06-2024,22:10:29,83,33,1012,55,3
13-06-2024,23:11:39,156,29,1013,79,1
14-06-2024,00:39:36,150,29,1013,79,1
14-06-2024,01:56:03,152,28,1012,83,1
14-06-2024,02:28:58,155,28,1012,83,1
14-06-2024,03:10:50,155,28,1012,83,1
14-06-2024,04:11:10,157,27,1011,88,1
14-06-2024,05:09:37,55,27,1011,88,1
14-06-2024,06:14:27,55,27,1011,88,1
14-06-2024,07:10:38,73,22,1012,94,5
14-06-2024,08:11:55,92,22,1013,100,3
14-06-2024,09:35:56,87,22,1014,100,4
14-06-2024,10:17:49,94,22,1014,100,2
14-06-2024,10:36:06,94,22,1014,100,2
14-06-2024,10:44:54,94,22,1014,100,2
14-06-2024,11:15:36,112,23,1014,94,2
14-06-2024,12:32:46,115,25,1014,94,3
14-06-2024,13:20:00,82,27,1013,83,6
14-06-2024,14:03:28,69,29,1012,74,7
14-06-2024,14:19:01,69,29,1012,74,7
14-06-2024,15:21:10,66,28,1012,78,3
14-06-2024,16:21:30,66,28,1012,78,3
14-06-2024,17:18:19,68,29,1011,74,4
14-06-2024,18:24:38,63,27,1013,83,3
14-06-2024,19:15:05,65,27,1013,83,3
14-06-2024,20:19:27,73,26,1014,88,3
14-06-2024,21:18:29,75,26,1014,88,3
14-06-2024,21:39:23,75,26,1014,88,3
14-06-2024,21:44:08,75,26,1014,88,3
14-06-2024,22:17:11,82,26,1014,88,3
14-06-2024,23:17:39,31,23,1016,94,4
15-06-2024,01:12:46,42,23,1014,94,2
15-06-2024,02:32:49,43,23,1012,94,2
15-06-2024,03:19:53,40,23,1012,94,2
15-06-2024,04:21:10,43,23,1012,100,2
15-06-2024,05:17:43,43,24,1013,94,2
15-06-2024,06:21:50,49,24,1013,94,2
15-06-2024,07:17:15,56,24,1013,94,2
15-06-2024,08:21:41,56,24,1014,94,2
15-06-2024,09:17:51,58,25,1015,88,3
15-06-2024,10:19:52,57,25,1015,83,4
15-06-2024,11:15:43,55,25,1015,88,4
15-06-2024,12:30:57,52,26,1015,83,3
15-06-2024,13:18:07,50,26,1014,83,2
15-06-2024,14:15:55,51,27,1014,83,2
15-06-2024,15:18:10,52,27,1013,78,3
15-06-2024,16:21:35,50,27,1013,78,3
15-06-2024,17:16:54,52,27,1013,78,3
15-06-2024,18:22:49,50,27,1013,78,3
15-06-2024,19:15:46,52,27,1013,78,3
15-06-2024,20:20:23,52,27,1013,78,3
15-06-2024,21:16:30,57,27,1013,78,3
15-06-2024,22:16:53,62,27,1013,78,3
15-06-2024,23:17:44,78,27,1013,78,3
16-06-2024,01:17:59,70,27,1013,78,3
16-06-2024,02:36:21,61,27,1013,78,3
16-06-2024,03:19:11,58,27,1013,78,3
16-06-2024,04:20:38,53,27,1013,78,3
16-06-2024,05:17:55,38,27,1013,78,3
16-06-2024,07:17:35,53,27,1013,78,3
16-06-2024,08:20:09,60,27,1013,78,3
16-06-2024,09:19:08,30,27,1013,78,3
16-06-2024,10:18:34,39,27,1013,78,3
16-06-2024,11:16:21,37,27,1013,78,3
16-06-2024,12:30:47,46,27,1013,78,3
16-06-2024,13:18:57,58,27,1013,78,3
16-06-2024,14:15:47,65,-,-,-,-
16-06-2024,15:18:03,65,-,-,-,-
16-06-2024,16:20:17,47,-,-,-,-
16-06-2024,17:15:04,34,-,-,-,-
16-06-2024,18:22:50,49,-,-,-,-
16-06-2024,19:16:09,71,-,-,-,-
16-06-2024,20:17:14,65,-,-,-,-
16-06-2024,21:18:38,82,-,-,-,-
16-06-2024,21:40:27,82,-,-,-,-
16-06-2024,22:17:40,79,-,-,-,-
16-06-2024,23:20:44,59,-,-,-,-
17-06-2024,01:14:36,65,-,-,-,-
17-06-2024,02:37:10,61,-,-,-,-
17-06-2024,03:21:24,55,-,-,-,-
17-06-2024,04:21:43,68,-,-,-,-
17-06-2024,05:20:20,61,-,-,-,-
17-06-2024,06:25:55,63,-,-,-,-
17-06-2024,07:17:01,56,-,-,-,-
17-06-2024,08:23:30,56,-,-,-,-
17-06-2024,09:19:33,54,-,-,-,-
17-06-2024,10:20:02,58,-,-,-,-
17-06-2024,11:15:16,64,-,-,-,-
17-06-2024,12:33:11,65,30,1016,66,2
17-06-2024,13:21:12,65,30,1016,66,2
17-06-2024,14:18:46,68,31,1014,66,4
17-06-2024,15:20:45,60,31,1012,66,6
17-06-2024,16:22:20,46,31,1012,66,6
17-06-2024,17:17:29,47,31,1012,62,4
17-06-2024,18:24:05,44,31,1012,62,3
17-06-2024,19:14:41,47,31,1012,62,3
17-06-2024,20:16:21,56,31,1012,62,3
17-06-2024,21:17:56,67,27,1013,83,2
17-06-2024,22:16:36,69,27,1016,83,13
17-06-2024,23:19:49,51,21,1016,94,4
18-06-2024,01:13:17,57,22,1014,88,3
18-06-2024,02:34:21,55,22,1013,88,2
18-06-2024,03:20:57,53,22,1012,100,2
18-06-2024,04:20:12,52,23,1013,88,2
18-06-2024,05:18:37,51,23,1013,94,1
18-06-2024,06:24:48,59,23,1014,88,2
18-06-2024,07:17:09,59,23,1014,88,2
18-06-2024,08:22:54,83,24,1014,94,2
18-06-2024,09:19:47,82,27,1015,83,2
18-06-2024,10:19:12,74,28,1015,78,2
18-06-2024,11:16:37,61,30,1015,70,2
18-06-2024,12:32:13,67,30,1015,70,2
18-06-2024,13:20:38,70,30,1015,70,2
18-06-2024,14:16:55,72,31,1013,70,4
18-06-2024,15:19:37,72,32,1012,66,4
18-06-2024,16:23:23,74,32,1011,66,4
18-06-2024,17:19:24,71,32,1011,66,4
18-06-2024,18:23:59,70,32,1011,66,4
18-06-2024,19:14:41,66,22,1011,100,2
18-06-2024,20:19:17,84,23,1011,94,2
18-06-2024,21:18:00,80,24,1012,88,2
18-06-2024,22:17:36,90,24,1013,94,2
18-06-2024,23:18:10,128,24,1013,88,2
19-06-2024,01:13:17,106,25,1012,94,2
19-06-2024,02:34:46,84,24,1012,94,2
19-06-2024,03:21:09,84,24,1012,94,2
19-06-2024,04:21:14,71,24,1010,94,2
19-06-2024,05:17:58,65,24,1011,100,2
19-06-2024,06:24:09,66,25,1012,88,2
19-06-2024,07:18:27,79,25,1013,94,2
19-06-2024,08:22:57,81,26,1013,88,2
19-06-2024,09:21:48,75,27,1014,83,1
19-06-2024,10:19:41,83,28,1014,78,2
19-06-2024,11:17:01,80,29,1014,79,3
19-06-2024,12:32:50,74,30,1014,74,3
19-06-2024,13:21:18,74,31,1013,70,3
19-06-2024,14:16:07,76,31,1012,66,3
19-06-2024,15:19:06,74,32,1011,66,3
19-06-2024,16:21:29,73,32,1011,66,3
19-06-2024,17:17:48,72,32,1011,62,3
19-06-2024,18:25:01,71,31,1011,66,4
19-06-2024,19:15:15,69,29,1011,79,2
19-06-2024,20:17:48,71,29,1011,79,2
19-06-2024,21:19:08,85,28,1013,83,2
19-06-2024,22:17:30,90,28,1013,78,2
19-06-2024,23:18:50,110,28,1013,78,2
20-06-2024,01:11:11,121,27,1014,88,1
20-06-2024,02:32:38,112,26,1012,94,2
20-06-2024,03:20:51,112,26,1012,94,2
20-06-2024,04:19:43,109,26,1012,94,4
20-06-2024,05:16:44,85,25,1012,94,2
20-06-2024,06:24:59,127,25,1014,100,2
20-06-2024,07:18:58,137,25,1014,100,2
20-06-2024,08:22:26,153,27,1014,83,3
20-06-2024,09:20:37,82,27,1015,88,3
20-06-2024,10:18:22,78,29,1015,79,3
20-06-2024,11:14:37,78,29,1014,79,3
20-06-2024,12:32:06,82,31,1013,70,4
20-06-2024,13:20:10,80,31,1012,70,4
20-06-2024,14:16:19,76,32,1012,66,3
20-06-2024,15:20:35,77,32,1012,66,3
20-06-2024,16:22:36,76,32,1009,62,5
20-06-2024,17:15:16,72,32,1010,66,3
20-06-2024,18:24:40,71,32,1010,66,3
20-06-2024,19:14:49,73,30,1011,70,3
20-06-2024,20:19:24,58,25,1013,73,14
20-06-2024,21:18:00,57,23,1013,88,5
20-06-2024,22:16:40,56,23,1013,88,5
20-06-2024,23:20:01,62,23,1014,94,2
21-06-2024,01:12:47,59,23,1013,94,3
21-06-2024,02:34:11,59,23,1013,94,3
21-06-2024,03:21:10,58,25,1014,94,1
21-06-2024,04:21:26,53,25,1014,94,1
21-06-2024,05:17:35,56,25,1014,88,1
21-06-2024,06:25:14,66,24,1013,94,2
21-06-2024,07:17:39,72,24,1013,94,2
21-06-2024,08:22:33,72,24,1014,94,2
21-06-2024,09:18:32,94,25,1015,94,4
21-06-2024,10:18:48,57,25,1015,94,4
21-06-2024,11:15:32,40,26,1017,78,8
21-06-2024,12:31:55,48,26,1016,78,4
21-06-2024,13:21:11,65,28,1015,69,2
21-06-2024,14:16:40,74,29,1014,62,4
21-06-2024,15:24:11,71,29,1013,58,3
21-06-2024,16:21:19,67,30,1012,55,2
21-06-2024,17:18:06,59,30,1012,58,2
21-06-2024,18:24:07,67,27,1013,78,3
21-06-2024,19:13:58,67,27,1013,78,3
21-06-2024,20:18:58,66,26,1014,88,3
21-06-2024,21:17:58,68,25,1014,94,2
21-06-2024,22:17:24,67,25,1015,94,2
21-06-2024,23:16:31,66,25,1015,88,2
22-06-2024,01:12:11,74,25,1014,88,2
22-06-2024,02:31:35,74,24,1014,94,2
22-06-2024,03:20:50,72,24,1014,94,1
22-06-2024,04:20:42,71,24,1014,94,1
22-06-2024,05:17:50,76,24,1014,94,1
22-06-2024,06:23:28,81,24,1014,94,2
22-06-2024,07:18:07,95,24,1014,94,2
22-06-2024,08:21:17,95,24,1014,94,2
22-06-2024,09:18:53,116,27,1015,83,3
23-06-2024,13:18:17,66,30,1014,70,3
23-06-2024,14:16:07,63,32,1013,62,3
23-06-2024,15:17:39,65,32,1012,62,5
23-06-2024,16:20:42,65,33,1012,59,4
23-06-2024,17:15:26,66,32,1011,62,3
23-06-2024,18:21:46,67,32,1012,59,6
23-06-2024,19:15:53,57,32,1012,59,6
23-06-2024,20:18:39,63,24,1012,88,2
23-06-2024,21:15:58,75,24,1012,88,2
23-06-2024,22:15:53,81,25,1012,88,3
23-06-2024,23:17:15,77,25,1012,88,4
24-06-2024,01:13:55,80,25,1013,94,3
24-06-2024,02:35:05,84,25,1012,88,3
24-06-2024,03:20:41,78,25,1012,88,2
24-06-2024,04:21:10,76,26,1012,88,2
24-06-2024,05:17:34,67,25,1012,94,2
24-06-2024,06:24:09,70,25,1013,94,2
24-06-2024,07:18:47,67,25,1013,100,2
24-06-2024,08:22:52,67,25,1013,100,2
24-06-2024,09:21:17,40,22,1014,94,5
24-06-2024,10:20:10,33,22,1016,94,5
24-06-2024,11:17:04,33,22,1016,94,5
24-06-2024,12:33:15,44,22,1016,94,5
24-06-2024,13:20:11,52,23,1013,94,3
24-06-2024,14:17:19,53,23,1011,94,2
24-06-2024,15:19:43,68,24,1011,88,2
24-06-2024,16:21:07,56,25,1010,83,3
24-06-2024,17:15:50,61,25,1011,83,2
24-06-2024,18:23:16,60,25,1011,83,2
24-06-2024,19:16:30,59,25,1011,88,1
24-06-2024,20:18:42,70,24,1012,94,2
24-06-2024,21:17:54,80,24,1012,94,2
24-06-2024,22:18:11,84,23,1014,94,2
24-06-2024,23:19:46,79,23,1014,94,2
25-06-2024,01:13:37,87,23,1014,94,2
25-06-2024,02:35:11,90,23,1014,94,2
25-06-2024,03:19:43,106,23,1014,94,2
25-06-2024,04:21:43,92,23,1014,94,2
25-06-2024,05:18:17,68,23,1014,94,2
25-06-2024,06:24:16,65,23,1014,94,2
25-06-2024,07:16:27,70,23,1014,94,2
25-06-2024,08:22:37,70,23,1014,94,2
25-06-2024,09:19:27,86,23,1014,94,1
25-06-2024,10:18:56,58,23,1014,94,1
25-06-2024,11:16:04,53,23,1014,94,1
25-06-2024,12:32:30,53,23,1014,94,1
25-06-2024,13:20:45,52,23,1014,94,1
25-06-2024,14:18:30,53,23,1014,94,1
25-06-2024,15:19:21,50,23,1014,94,1
25-06-2024,16:22:52,53,31,1012,66,4
25-06-2024,17:16:59,58,27,1012,83,3
25-06-2024,18:24:16,56,27,1012,83,1
25-06-2024,19:14:55,61,27,1012,83,1
25-06-2024,20:17:55,68,27,1012,83,2
25-06-2024,21:17:27,74,26,1013,94,2
25-06-2024,22:16:11,92,26,1014,94,3
25-06-2024,23:17:02,122,26,1014,88,2
26-06-2024,01:13:51,112,25,1013,94,2
26-06-2024,02:33:52,121,25,1013,94,2
26-06-2024,03:20:00,120,25,1013,94,2
26-06-2024,04:22:46,87,25,1012,94,2
26-06-2024,05:16:50,87,25,1012,94,2
26-06-2024,06:25:33,90,24,1013,100,3
26-06-2024,07:17:19,94,25,1014,94,2
26-06-2024,08:22:00,75,25,1014,94,3
26-06-2024,09:20:14,54,26,1014,83,2
26-06-2024,10:19:22,52,26,1016,83,2
26-06-2024,11:16:21,62,27,1015,83,2
26-06-2024,12:34:37,70,27,1015,78,5
26-06-2024,13:20:19,70,27,1015,78,5
26-06-2024,14:17:12,56,26,1014,78,3
26-06-2024,15:21:05,62,26,1013,73,3
26-06-2024,16:22:21,59,27,1012,74,3
26-06-2024,17:15:54,66,27,1011,69,2
26-06-2024,18:22:15,74,26,1011,78,2
26-06-2024,19:14:29,85,26,1011,78,2
26-06-2024,20:21:18,96,26,1012,83,3
26-06-2024,21:19:26,140,26,1012,83,3
26-06-2024,22:18:06,152,25,1014,88,2
26-06-2024,23:18:50,106,25,1014,88,2
27-06-2024,01:12:50,108,25,1014,88,3
27-06-2024,02:33:33,114,25,1013,83,1
27-06-2024,03:20:20,120,25,1013,88,1
27-06-2024,04:24:06,107,24,1012,94,2
27-06-2024,05:19:04,104,24,1013,94,2
27-06-2024,06:24:41,126,24,1013,94,2
27-06-2024,07:17:10,110,24,1013,94,1
27-06-2024,08:21:36,104,25,1014,88,1
27-06-2024,09:19:12,97,26,1014,83,1
27-06-2024,10:21:56,125,27,1015,78,1
27-06-2024,11:15:22,87,28,1015,74,2
27-06-2024,12:34:06,102,29,1014,70,2
27-06-2024,13:21:07,109,30,1013,70,4
27-06-2024,14:17:04,89,31,1012,66,4
27-06-2024,15:19:46,81,31,1011,62,2
27-06-2024,16:22:52,73,31,1011,66,2
27-06-2024,17:18:40,68,31,1010,62,3
27-06-2024,18:23:00,65,30,1011,66,5
27-06-2024,19:16:49,63,29,1011,70,3
27-06-2024,20:18:41,68,28,1012,78,3
27-06-2024,21:16:47,69,27,1012,83,3
27-06-2024,22:16:21,76,27,1013,83,3
27-06-2024,23:19:29,72,26,1013,88,2
28-06-2024,01:12:40,66,25,1013,94,2
28-06-2024,02:35:55,70,25,1013,94,2
28-06-2024,03:20:43,70,25,1013,94,2
28-06-2024,04:21:54,65,25,1012,88,2
28-06-2024,05:17:05,58,25,1012,88,2
28-06-2024,06:26:03,67,25,1012,88,2
28-06-2024,07:18:57,67,25,1014,94,2
28-06-2024,08:21:28,70,26,1014,83,3
28-06-2024,09:19:32,72,27,1014,78,4
28-06-2024,10:18:46,62,27,1015,83,3
28-06-2024,11:18:15,64,28,1015,78,3
28-06-2024,12:32:23,67,29,1014,70,2
28-06-2024,13:18:34,69,29,1014,70,4
28-06-2024,14:17:03,70,30,1013,70,3
28-06-2024,15:18:45,67,30,1012,70,3
28-06-2024,16:20:52,73,29,1012,70,3
28-06-2024,17:17:31,76,27,1012,78,4
28-06-2024,18:22:34,48,27,1012,78,4
28-06-2024,19:13:58,45,23,1014,94,4
28-06-2024,20:17:41,54,23,1013,94,3
28-06-2024,21:19:01,70,23,1012,94,5
28-06-2024,22:18:08,63,23,1012,94,3
28-06-2024,23:19:06,66,22,1013,100,4
29-06-2024,01:11:36,59,23,1013,94,2
29-06-2024,02:33:27,62,23,1014,94,2
29-06-2024,03:21:07,62,23,1014,94,2
29-06-2024,04:21:48,52,23,1014,100,2
29-06-2024,05:17:51,55,23,1014,94,2
29-06-2024,06:22:41,88,23,1014,94,2
29-06-2024,07:17:20,99,23,1014,94,3
29-06-2024,08:21:23,69,24,1014,94,2
29-06-2024,09:19:18,71,25,1015,88,2
29-06-2024,10:18:25,66,26,1015,83,2
29-06-2024,11:16:37,67,27,1014,78,2
29-06-2024,12:30:47,88,28,1014,69,3
29-06-2024,13:18:16,77,27,1013,83,4
29-06-2024,14:17:14,75,29,1013,74,4
29-06-2024,16:21:35,62,30,1011,66,4
29-06-2024,17:14:46,63,30,1010,66,3
29-06-2024,18:23:13,63,29,1010,74,2
29-06-2024,19:13:46,59,29,1011,74,2
29-06-2024,20:17:38,52,27,1011,78,4
29-06-2024,21:16:12,52,27,1011,78,4
29-06-2024,22:18:00,62,26,1012,83,3
29-06-2024,23:19:21,88,25,1013,94,2
30-06-2024,01:19:11,94,25,1013,94,2
30-06-2024,02:38:06,90,25,1012,94,2
30-06-2024,03:20:55,90,25,1012,88,2
30-06-2024,04:20:39,92,25,1013,83,2
30-06-2024,05:17:19,83,25,1013,88,2
30-06-2024,06:23:32,67,25,1013,88,2
30-06-2024,07:17:00,64,25,1014,88,2
30-06-2024,08:20:42,68,25,1015,94,3
30-06-2024,09:21:03,71,26,1015,83,3
30-06-2024,10:17:34,59,26,1015,88,3
30-06-2024,11:13:56,59,26,1015,88,3
30-06-2024,12:31:39,57,29,1014,74,3
30-06-2024,13:18:26,57,29,1014,74,3
30-06-2024,14:16:30,55,30,1014,70,4
30-06-2024,15:19:43,57,29,1013,70,3
30-06-2024,16:21:55,60,29,1012,74,3
30-06-2024,17:16:22,70,30,1012,66,3
30-06-2024,18:23:42,59,30,1012,70,2
30-06-2024,19:15:03,64,28,1012,78,3
30-06-2024,20:20:07,73,27,1013,83,2
30-06-2024,21:17:32,76,26,1013,94,2
30-06-2024,22:16:34,84,26,1014,94,2
30-06-2024,23:18:54,108,26,1015,94,1
01-07-2024,01:21:18,102,25,1015,94,2
01-07-2024,02:40:24,97,25,1014,94,2
01-07-2024,03:21:03,78,25,1014,94,2
01-07-2024,04:21:29,80,24,1014,100,2
01-07-2024,05:18:37,100,24,1014,100,2
01-07-2024,06:27:46,126,24,1014,100,2
01-07-2024,07:18:00,133,24,1015,100,1
01-07-2024,08:23:24,108,26,1016,94,2
01-07-2024,09:24:14,80,26,1016,94,2
01-07-2024,10:21:26,69,26,1017,88,2
01-07-2024,11:15:41,62,26,1017,88,2
01-07-2024,12:35:05,54,27,1016,83,3
01-07-2024,13:21:43,54,27,1016,83,3
01-07-2024,14:16:16,67,28,1015,78,3
01-07-2024,15:19:14,68,30,1013,70,3
01-07-2024,16:20:50,70,30,1013,70,3
01-07-2024,17:17:33,66,30,1013,70,3
01-07-2024,18:23:45,65,29,1012,74,3
01-07-2024,19:16:00,72,28,1012,78,3
01-07-2024,20:20:15,89,28,1012,78,3
01-07-2024,21:17:07,95,27,1013,88,3
01-07-2024,22:17:21,122,27,1014,88,3
01-07-2024,23:17:39,128,26,1015,94,2
02-07-2024,01:13:49,92,25,1014,100,2
02-07-2024,02:34:45,90,25,1014,94,2
02-07-2024,03:20:33,88,25,1014,94,2
02-07-2024,04:22:15,80,25,1013,94,2
02-07-2024,05:19:01,80,25,1013,94,2
02-07-2024,06:26:24,76,25,1014,94,2
02-07-2024,07:18:25,72,25,1014,94,2
02-07-2024,08:21:32,77,25,1014,94,3
02-07-2024,09:19:39,76,25,1014,94,3
02-07-2024,10:19:25,43,25,1015,94,3
02-07-2024,11:17:46,37,25,1015,94,3
02-07-2024,12:32:10,58,28,1014,78,3
02-07-2024,13:20:13,59,29,1013,74,2
02-07-2024,14:17:20,65,30,1013,70,2
02-07-2024,15:18:34,68,29,1013,74,2
02-07-2024,16:23:23,71,30,1010,70,3
02-07-2024,17:16:41,73,29,1011,74,6
02-07-2024,18:23:25,73,27,1012,78,7
02-07-2024,19:16:24,57,26,1012,78,3
02-07-2024,20:20:35,54,26,1013,83,2
02-07-2024,21:16:52,54,26,1013,83,2
02-07-2024,22:17:31,56,25,1014,88,2
02-07-2024,23:16:52,78,25,1014,88,2
03-07-2024,01:13:24,84,24,1014,94,2
03-07-2024,02:33:48,61,24,1013,94,2
03-07-2024,03:20:19,65,24,1013,94,2
03-07-2024,04:20:13,67,24,1013,94,2
03-07-2024,05:18:05,65,24,1013,94,2
03-07-2024,06:26:27,65,24,1013,94,2
03-07-2024,07:16:49,77,24,1015,94,2
03-07-2024,08:22:48,75,25,1015,94,2
03-07-2024,09:19:30,75,26,1016,83,3
03-07-2024,10:19:59,66,26,1016,83,4
03-07-2024,11:16:24,68,26,1016,83,4
03-07-2024,12:32:51,68,29,1015,74,3
03-07-2024,13:20:38,63,29,1015,74,3
03-07-2024,14:18:48,60,29,1015,74,3
03-07-2024,15:19:02,59,29,1015,74,3
03-07-2024,16:23:04,55,29,1011,70,3
03-07-2024,17:16:25,55,29,1011,70,3
03-07-2024,18:22:40,51,25,1011,88,3
03-07-2024,19:14:15,47,20,1012,93,3
03-07-2024,20:17:58,53,20,1013,93,2
03-07-2024,21:19:20,56,19,1015,100,1
03-07-2024,22:17:30,64,19,1015,93,2
03-07-2024,23:20:37,65,19,1016,93,2
04-07-2024,01:13:31,31,19,1016,93,3
04-07-2024,02:35:50,35,19,1015,93,1
04-07-2024,03:21:02,31,19,1015,93,1
04-07-2024,04:20:05,36,18,1014,100,1
04-07-2024,05:19:07,35,18,1015,100,1
04-07-2024,06:25:08,57,18,1015,100,1
04-07-2024,07:18:21,61,18,1015,100,1
04-07-2024,08:23:08,73,19,1016,93,2
04-07-2024,09:20:18,63,26,1016,83,2
04-07-2024,10:19:17,65,27,1016,83,3
04-07-2024,11:20:06,66,27,1016,78,3
04-07-2024,12:36:20,74,28,1016,78,3
04-07-2024,13:20:58,68,28,1016,78,3
04-07-2024,14:16:18,61,30,1014,70,3
04-07-2024,15:19:14,60,31,1013,62,4
04-07-2024,16:21:03,58,31,1012,62,4
04-07-2024,17:17:39,56,30,1012,66,5
04-07-2024,18:23:44,56,30,1012,66,5
04-07-2024,19:16:20,58,28,1013,74,3
04-07-2024,20:17:57,69,26,1014,83,5
04-07-2024,21:16:52,69,26,1014,83,5
04-07-2024,22:16:56,78,26,1015,83,5
04-07-2024,23:17:57,107,25,1016,88,2
05-07-2024,01:14:00,66,25,1016,88,2
05-07-2024,02:34:15,69,25,1016,88,2
05-07-2024,03:20:19,69,25,1016,88,2
05-07-2024,04:23:03,62,25,1016,88,2
05-07-2024,05:17:15,28,25,1016,88,2
05-07-2024,06:26:02,30,21,1016,94,2
05-07-2024,07:16:20,44,21,1016,100,1
05-07-2024,08:21:50,68,22,1016,94,4
05-07-2024,09:20:02,53,22,1016,100,4
05-07-2024,10:19:28,50,24,1016,94,3
05-07-2024,11:16:14,53,25,1016,88,2
05-07-2024,12:32:33,54,25,1016,88,2
05-07-2024,13:19:34,55,28,1015,74,4
05-07-2024,14:18:31,53,30,1015,70,4
05-07-2024,15:19:43,52,30,1013,66,5
05-07-2024,16:21:18,48,30,1013,70,5
05-07-2024,17:15:57,45,30,1012,62,4
05-07-2024,18:25:07,43,29,1012,74,3
05-07-2024,19:15:01,48,27,1013,78,3
05-07-2024,20:19:48,56,27,1013,83,2
05-07-2024,21:17:43,56,27,1013,83,2
05-07-2024,22:17:44,64,26,1015,88,2
05-07-2024,23:18:43,78,26,1015,88,2
06-07-2024,01:12:38,79,26,1015,94,2
06-07-2024,02:32:16,78,25,1015,100,1
06-07-2024,03:21:17,84,25,1015,100,1
06-07-2024,04:21:25,84,25,1015,100,1
06-07-2024,05:17:39,84,25,1014,94,2
06-07-2024,06:22:37,86,25,1014,94,1
06-07-2024,07:16:26,74,24,1014,100,2
06-07-2024,08:21:54,82,24,1014,100,2
06-07-2024,09:21:16,86,26,1016,88,2
06-07-2024,10:17:58,81,27,1016,83,3
06-07-2024,11:15:55,77,27,1016,78,3
06-07-2024,12:30:22,81,28,1015,78,4
06-07-2024,13:18:57,76,29,1015,74,4
06-07-2024,14:15:03,73,30,1014,70,4
06-07-2024,15:19:06,73,31,1013,66,4
06-07-2024,16:20:39,74,31,1013,66,4
06-07-2024,17:14:41,74,31,1013,66,4
06-07-2024,18:21:30,74,31,1013,66,4
06-07-2024,19:14:19,74,31,1013,66,4
06-07-2024,20:17:46,74,31,1013,66,4
06-07-2024,21:18:20,74,31,1013,66,4
06-07-2024,22:18:10,74,31,1013,66,4
06-07-2024,23:16:29,74,31,1013,66,4
07-07-2024,01:19:05,74,31,1013,66,4
07-07-2024,02:37:59,74,31,1013,66,4
07-07-2024,03:20:24,74,31,1013,66,4
07-07-2024,04:19:45,74,31,1013,66,4
07-07-2024,05:19:02,74,31,1013,66,4
07-07-2024,06:23:38,74,31,1013,66,4
07-07-2024,07:16:21,74,31,1013,66,4
07-07-2024,08:21:01,74,31,1013,66,4
07-07-2024,09:19:41,74,31,1013,66,4
07-07-2024,10:17:11,74,31,1013,66,4
07-07-2024,11:16:08,74,31,1013,66,4
07-07-2024,12:30:09,74,31,1013,66,4
07-07-2024,13:18:13,74,31,1013,66,4
07-07-2024,14:15:24,74,31,1013,66,4
07-07-2024,15:18:50,74,31,1013,66,4
07-07-2024,16:20:26,74,31,1013,66,4
07-07-2024,17:17:37,74,31,1013,66,4
07-07-2024,18:22:00,74,31,1013,66,4
07-07-2024,19:15:19,74,31,1013,66,4
07-07-2024,20:17:26,74,31,1013,66,4
07-07-2024,21:18:46,74,31,1013,66,4
07-07-2024,22:16:35,74,31,1013,66,4
07-07-2024,23:18:47,74,31,1013,66,4
08-07-2024,01:15:44,74,31,1013,66,4
08-07-2024,02:36:26,74,31,1013,66,4
08-07-2024,03:20:41,74,31,1013,66,4
08-07-2024,04:22:57,74,31,1013,66,4
08-07-2024,05:19:56,74,31,1013,66,4
08-07-2024,06:25:34,74,31,1013,66,4
08-07-2024,07:18:34,74,31,1013,66,4
08-07-2024,08:22:44,74,31,1013,66,4
08-07-2024,09:20:45,74,31,1013,66,4
08-07-2024,10:20:25,65,25,1016,88,1
08-07-2024,11:16:54,61,24,1016,94,3
08-07-2024,12:34:36,58,26,1016,83,4
08-07-2024,13:22:45,48,27,1014,83,5
08-07-2024,14:18:36,48,27,1014,83,5
08-07-2024,15:19:21,41,28,1013,78,3
08-07-2024,16:22:38,41,28,1013,78,3
08-07-2024,17:16:16,41,28,1013,78,3
08-07-2024,18:23:44,58,26,1012,83,4
08-07-2024,19:14:52,58,26,1012,83,4
08-07-2024,20:20:29,67,25,1012,88,3
08-07-2024,21:18:46,70,25,1012,88,3
08-07-2024,22:17:41,74,24,1013,94,3
08-07-2024,23:17:19,76,24,1014,94,1
09-07-2024,01:14:11,63,24,1014,94,2
09-07-2024,02:36:27,56,24,1014,94,2
09-07-2024,03:20:41,48,23,1014,94,2
09-07-2024,04:21:38,49,23,1013,94,2
09-07-2024,05:18:35,53,23,1013,94,2
09-07-2024,06:25:25,55,23,1013,100,2
09-07-2024,07:17:31,63,23,1013,100,2
09-07-2024,08:21:48,71,24,1014,94,2
09-07-2024,09:19:05,63,24,1014,94,2
09-07-2024,10:19:39,69,27,1015,78,3
09-07-2024,11:16:56,70,27,1015,78,3
09-07-2024,12:34:07,66,29,1015,70,3
09-07-2024,13:21:08,66,29,1015,70,3
09-07-2024,14:16:53,66,29,1015,70,3
09-07-2024,15:18:52,65,30,1012,62,3
09-07-2024,16:24:34,65,29,1011,65,3
09-07-2024,17:18:17,64,29,1011,70,3
09-07-2024,18:23:25,64,28,1011,78,2
09-07-2024,19:15:51,65,28,1011,78,2
09-07-2024,20:18:57,69,27,1012,83,2
09-07-2024,21:18:44,83,27,1012,83,2
09-07-2024,22:18:00,94,27,1012,83,2
09-07-2024,23:20:52,106,26,1014,88,1
10-07-2024,01:16:20,127,25,1014,94,1
10-07-2024,02:35:44,118,24,1013,100,1
10-07-2024,03:21:13,133,24,1013,94,2
10-07-2024,04:22:40,118,24,1013,94,2
10-07-2024,05:17:52,118,24,1013,94,2
10-07-2024,06:24:02,117,24,1013,94,3
10-07-2024,07:18:35,132,24,1013,94,3
10-07-2024,08:26:06,132,24,1013,94,3
10-07-2024,09:19:11,78,25,1014,88,3
10-07-2024,10:20:35,72,27,1015,83,2
10-07-2024,11:16:13,72,27,1015,83,2
10-07-2024,12:33:47,68,31,1014,62,3
10-07-2024,13:21:37,68,31,1014,62,3
10-07-2024,14:17:37,69,31,1013,66,3
10-07-2024,15:20:50,74,28,1012,83,6
10-07-2024,16:22:25,74,28,1012,83,6
10-07-2024,17:16:19,56,24,1013,94,4
10-07-2024,18:25:43,56,24,1013,94,4
10-07-2024,19:17:37,56,24,1013,94,4
10-07-2024,20:19:40,73,24,1013,94,3
10-07-2024,21:16:43,81,24,1014,94,3
10-07-2024,22:18:18,83,24,1015,100,2
10-07-2024,23:18:16,82,24,1015,100,1
11-07-2024,01:15:43,48,25,1015,88,4
11-07-2024,02:38:08,22,25,1015,88,4
11-07-2024,03:21:22,23,23,1013,100,3
11-07-2024,04:22:55,35,23,1014,94,2
11-07-2024,05:17:58,37,23,1014,94,2
11-07-2024,06:24:15,54,23,1014,100,3
11-07-2024,07:19:08,61,23,1014,94,2
11-07-2024,08:22:41,61,23,1014,94,2
11-07-2024,09:20:46,69,24,1015,94,1
11-07-2024,10:18:40,84,25,1016,88,2
11-07-2024,11:15:41,90,25,1015,88,4
11-07-2024,12:34:09,58,27,1014,78,3
11-07-2024,13:21:05,60,27,1014,78,3
11-07-2024,14:19:14,57,28,1014,74,3
11-07-2024,15:18:57,57,28,1013,78,3
11-07-2024,16:22:44,55,28,1013,74,4
11-07-2024,17:19:00,56,28,1013,74,4
11-07-2024,18:23:46,55,28,1013,74,4
11-07-2024,19:15:28,55,28,1013,74,4
11-07-2024,20:22:33,62,26,1014,83,2
11-07-2024,21:20:01,77,26,1015,83,3
11-07-2024,22:17:45,92,26,1016,83,2
11-07-2024,23:19:39,73,25,1016,94,2
12-07-2024,01:13:39,68,25,1015,88,3
12-07-2024,02:36:51,62,25,1015,88,2
12-07-2024,03:21:30,55,24,1015,94,2
12-07-2024,04:20:47,50,24,1015,94,2
12-07-2024,05:16:48,45,24,1015,94,2
12-07-2024,06:24:33,48,24,1015,94,2
12-07-2024,07:17:15,57,24,1016,94,2
12-07-2024,08:23:40,57,24,1016,94,2
12-07-2024,09:19:41,56,26,1016,83,3
12-07-2024,10:19:51,49,27,1016,78,4
12-07-2024,11:16:20,49,27,1016,78,4
12-07-2024,12:34:08,39,29,1015,70,3
12-07-2024,13:21:23,41,28,1015,74,4
12-07-2024,14:17:48,48,30,1014,66,3
12-07-2024,15:18:19,47,29,1013,70,4
12-07-2024,16:22:01,51,30,1013,70,3
12-07-2024,17:17:30,56,30,1013,70,3
12-07-2024,18:26:29,55,29,1013,74,3
12-07-2024,19:14:32,58,29,1013,74,3
12-07-2024,20:19:00,64,27,1013,88,1
12-07-2024,21:19:01,66,27,1014,88,2
12-07-2024,22:17:18,66,27,1014,88,2
12-07-2024,23:17:51,87,27,1014,88,2
13-07-2024,01:14:49,102,25,1014,88,3
13-07-2024,02:33:41,52,25,1015,88,2
13-07-2024,03:20:02,45,24,1014,94,1
13-07-2024,04:20:58,40,24,1014,94,1
13-07-2024,05:18:09,46,24,1015,88,1
13-07-2024,06:24:27,54,24,1016,88,1
13-07-2024,07:17:00,58,24,1016,94,2
13-07-2024,08:20:50,57,25,1016,88,1
13-07-2024,09:17:24,67,26,1017,83,2
13-07-2024,10:17:27,73,26,1017,83,4
13-07-2024,11:15:34,78,26,1017,83,4
13-07-2024,12:30:47,71,28,1017,78,4
13-07-2024,13:19:10,68,28,1015,78,2
13-07-2024,14:14:28,64,28,1015,78,2
13-07-2024,15:18:28,63,30,1013,70,4
13-07-2024,16:21:39,58,30,1013,70,5
13-07-2024,17:15:10,60,30,1012,70,2
13-07-2024,18:22:13,60,29,1013,70,4
13-07-2024,19:15:01,62,29,1013,70,4
13-07-2024,20:18:05,67,28,1014,78,3
13-07-2024,21:17:44,80,27,1015,83,1
13-07-2024,22:17:15,81,27,1016,83,1
13-07-2024,23:18:50,97,27,1016,83,1
14-07-2024,01:21:07,66,26,1015,94,2
14-07-2024,02:41:44,65,26,1014,94,1
14-07-2024,03:22:12,59,26,1014,94,1
14-07-2024,04:22:51,56,25,1015,94,2
14-07-2024,05:19:54,59,25,1015,94,2
14-07-2024,06:27:36,60,25,1015,94,2
14-07-2024,07:19:02,61,24,1016,100,3
14-07-2024,08:24:32,66,24,1017,100,3
14-07-2024,09:20:42,64,25,1017,94,2
14-07-2024,10:20:10,66,25,1017,94,2
14-07-2024,11:19:26,68,26,1017,83,3
14-07-2024,12:44:18,64,28,1016,74,3
14-07-2024,13:40:33,65,29,1015,74,3
14-07-2024,14:23:06,65,29,1015,74,3
14-07-2024,15:25:27,60,31,1013,66,2
14-07-2024,16:33:02,60,32,1013,62,2
14-07-2024,17:24:28,60,31,1012,62,2
14-07-2024,18:30:25,60,29,1014,74,2
14-07-2024,19:16:35,60,29,1014,74,2
14-07-2024,20:18:16,70,27,1014,83,3
14-07-2024,21:17:54,71,27,1015,83,4
14-07-2024,22:17:25,76,27,1015,83,4
14-07-2024,23:17:23,77,26,1016,88,3
15-07-2024,01:17:22,77,26,1016,88,3
15-07-2024,02:39:09,77,26,1016,88,3
15-07-2024,03:23:08,77,26,1016,88,3
15-07-2024,04:24:18,77,26,1016,88,3
15-07-2024,05:17:42,77,26,1016,88,3
15-07-2024,06:27:13,77,26,1016,88,3
15-07-2024,07:17:01,66,25,1016,88,2
15-07-2024,08:24:23,66,25,1016,88,2
15-07-2024,09:19:47,80,25,1016,88,2
15-07-2024,10:19:40,79,27,1017,83,2
15-07-2024,11:16:09,79,26,1018,88,2
15-07-2024,12:34:13,69,27,1017,83,4
15-07-2024,13:22:49,75,26,1015,88,2
15-07-2024,14:16:28,75,26,1015,88,2
15-07-2024,15:20:47,77,27,1014,83,2
15-07-2024,16:22:10,77,27,1014,83,2
15-07-2024,17:17:16,74,27,1014,83,3
15-07-2024,18:23:16,85,27,1015,83,4
15-07-2024,19:15:33,93,26,1015,83,2
15-07-2024,20:18:05,92,25,1015,88,3
15-07-2024,21:18:02,100,25,1015,94,2
15-07-2024,22:17:37,99,24,1016,94,3
15-07-2024,23:19:00,116,25,1017,88,2
16-07-2024,01:16:05,100,24,1016,94,2
16-07-2024,02:37:19,101,24,1015,94,2
16-07-2024,03:23:14,101,24,1015,94,2
16-07-2024,04:21:28,104,24,1015,100,2
16-07-2024,05:17:42,104,24,1015,100,2
16-07-2024,06:25:43,108,24,1016,100,2
16-07-2024,07:19:00,130,24,1016,100,2
16-07-2024,08:23:49,136,25,1016,94,2
16-07-2024,09:21:14,118,25,1017,94,1
16-07-2024,10:16:54,103,26,1018,88,3
16-07-2024,11:15:40,84,27,1017,83,2
16-07-2024,12:32:43,71,27,1016,83,4
16-07-2024,13:16:42,59,28,1015,78,4
16-07-2024,14:17:50,72,28,1014,78,4
16-07-2024,15:16:44,70,28,1013,78,4
16-07-2024,16:21:10,63,29,1012,74,4
16-07-2024,17:17:11,65,28,1012,78,3
16-07-2024,18:23:44,66,28,1012,78,2
16-07-2024,19:15:01,79,27,1013,83,3
16-07-2024,20:19:09,99,27,1014,83,3
16-07-2024,21:18:20,109,26,1014,88,2
16-07-2024,22:18:14,104,26,1015,94,2
16-07-2024,23:20:39,105,24,1016,94,5
17-07-2024,01:14:58,61,23,1016,100,2
17-07-2024,02:36:17,38,23,1014,94,2
17-07-2024,03:21:43,42,23,1014,94,2
17-07-2024,04:20:09,39,23,1014,100,2
17-07-2024,05:17:15,43,23,1015,100,2
17-07-2024,06:25:18,43,23,1015,100,2
17-07-2024,07:17:58,53,24,1016,94,3
17-07-2024,08:22:47,53,24,1016,94,3
17-07-2024,09:21:42,63,24,1017,94,1
17-07-2024,10:19:40,56,25,1017,88,4
17-07-2024,11:15:58,56,25,1017,88,2
17-07-2024,12:33:59,58,26,1016,83,3
17-07-2024,13:20:57,38,26,1015,83,2
17-07-2024,14:18:16,34,27,1015,78,3
17-07-2024,15:21:42,38,27,1014,83,1
17-07-2024,16:22:15,46,28,1013,78,3
17-07-2024,17:16:19,53,29,1012,74,3
17-07-2024,18:23:35,56,28,1013,78,3
17-07-2024,19:13:31,61,27,1013,83,3
17-07-2024,20:19:16,61,27,1013,83,3
17-07-2024,21:18:22,62,26,1014,88,2
17-07-2024,22:19:02,70,26,1015,88,1
18-07-2024,10:20:20,85,27,1016,83,3
18-07-2024,11:16:26,85,27,1016,83,3
18-07-2024,12:34:18,82,27,1016,83,4
18-07-2024,13:21:35,75,27,1015,83,4
18-07-2024,14:18:21,70,25,1014,94,6
18-07-2024,15:21:04,59,26,1013,88,4
18-07-2024,16:22:28,53,27,1013,83,4
18-07-2024,17:18:11,56,29,1013,74,4
18-07-2024,18:24:16,57,28,1013,78,3
18-07-2024,19:15:03,63,28,1013,78,3
18-07-2024,20:18:47,72,26,1014,88,3
18-07-2024,21:17:02,72,26,1014,88,3
18-07-2024,22:17:19,76,26,1016,94,2
18-07-2024,23:18:00,88,26,1016,94,2
19-07-2024,01:22:32,91,25,1015,100,2
19-07-2024,02:36:30,91,25,1015,100,2
19-07-2024,03:24:43,77,23,1014,94,4
19-07-2024,04:22:55,77,23,1014,94,4
19-07-2024,06:24:56,42,23,1014,100,4
19-07-2024,07:18:56,42,23,1014,100,4
19-07-2024,09:18:35,42,23,1014,100,4
19-07-2024,10:19:06,75,25,1016,88,2
19-07-2024,11:16:49,75,25,1016,88,2
19-07-2024,12:32:15,73,24,1016,94,2
19-07-2024,13:19:51,71,25,1015,88,4
19-07-2024,14:18:42,52,25,1014,88,2
19-07-2024,15:20:29,52,25,1014,88,2
19-07-2024,16:21:13,52,25,1014,88,2
19-07-2024,17:18:05,52,25,1014,88,2
19-07-2024,18:24:26,55,26,1014,83,5
19-07-2024,19:15:25,55,26,1014,83,5
19-07-2024,20:20:35,59,24,1014,94,2
19-07-2024,21:16:17,59,24,1014,94,2
19-07-2024,22:19:52,59,24,1014,94,2
19-07-2024,23:17:50,93,23,1015,94,2
20-07-2024,01:13:19,93,23,1015,94,2
20-07-2024,02:34:06,93,23,1015,94,2
20-07-2024,03:19:38,70,23,1015,94,2
20-07-2024,04:23:34,70,23,1015,94,2
20-07-2024,05:18:45,70,23,1015,94,2
20-07-2024,06:25:43,60,23,1015,94,2
20-07-2024,07:16:04,64,23,1015,94,2
20-07-2024,08:22:43,72,24,1015,94,4
20-07-2024,09:18:04,58,25,1015,83,3
20-07-2024,10:18:50,55,26,1016,83,3
20-07-2024,11:15:11,55,26,1016,83,3
20-07-2024,12:30:54,55,27,1015,74,3
20-07-2024,13:18:32,57,27,1014,78,3
20-07-2024,14:16:03,55,26,1013,83,3
20-07-2024,15:16:59,55,29,1013,65,3
20-07-2024,16:22:28,55,29,1013,65,3
20-07-2024,17:17:01,55,29,1013,65,3
20-07-2024,18:24:08,55,29,1013,65,3
20-07-2024,19:13:52,55,29,1013,65,3
20-07-2024,20:18:14,55,29,1013,65,3
20-07-2024,21:16:48,55,29,1013,65,3
20-07-2024,22:16:42,55,29,1013,65,3
20-07-2024,23:18:11,55,29,1013,65,3
21-07-2024,01:20:30,36,23,1015,100,3
21-07-2024,02:36:37,35,23,1015,94,11
21-07-2024,03:21:03,35,23,1015,94,11
21-07-2024,04:21:05,38,23,1015,94,2
21-07-2024,05:18:46,48,23,1015,100,2
21-07-2024,06:24:25,48,24,1015,94,2
21-07-2024,07:15:24,48,24,1015,94,2
21-07-2024,08:21:16,49,25,1017,88,2
21-07-2024,09:18:24,57,25,1017,88,2
21-07-2024,10:19:03,53,25,1017,88,3
21-07-2024,11:15:31,53,26,1017,78,3
21-07-2024,12:33:38,52,25,1017,88,3
21-07-2024,13:18:00,54,25,1017,94,4
21-07-2024,14:17:31,55,26,1016,83,5
21-07-2024,15:19:12,50,27,1015,83,4
21-07-2024,16:23:11,50,27,1014,78,4
21-07-2024,17:14:13,54,27,1014,78,4
21-07-2024,18:22:13,52,27,1014,78,3
21-07-2024,19:14:12,57,26,1014,83,3
21-07-2024,20:21:58,64,25,1015,88,2
21-07-2024,21:16:36,66,25,1016,88,2
21-07-2024,22:18:16,83,25,1016,94,2
21-07-2024,23:18:03,94,25,1017,94,2
22-07-2024,01:17:25,100,24,1016,100,2
22-07-2024,02:39:00,92,24,1016,94,2
22-07-2024,03:21:36,92,24,1016,94,2
22-07-2024,04:21:45,86,24,1016,94,2
22-07-2024,05:20:19,85,24,1016,94,2
22-07-2024,06:25:52,85,24,1016,94,2
22-07-2024,07:17:53,86,24,1016,100,2
22-07-2024,08:23:09,101,24,1017,100,4
22-07-2024,09:22:06,87,24,1018,100,4
22-07-2024,10:19:50,63,24,1018,100,4
22-07-2024,11:16:58,59,24,1018,100,5
22-07-2024,12:34:38,65,25,1017,94,4
22-07-2024,13:21:31,58,26,1017,88,3
22-07-2024,14:19:15,63,26,1016,83,2
22-07-2024,15:20:25,73,27,1016,83,2
22-07-2024,16:22:10,71,27,1015,83,2
22-07-2024,17:16:36,82,27,1014,83,1
22-07-2024,18:23:23,90,27,1015,83,1
22-07-2024,19:15:33,82,27,1015,83,1
22-07-2024,20:18:43,108,26,1015,94,1
22-07-2024,21:18:13,150,25,1016,94,2
22-07-2024,22:18:16,135,25,1017,94,2
22-07-2024,23:17:40,118,24,1017,100,2
23-07-2024,01:15:45,68,24,1017,100,2
23-07-2024,02:35:49,63,24,1016,94,2
23-07-2024,03:21:32,63,24,1016,94,2
23-07-2024,04:21:06,63,24,1016,94,2
23-07-2024,05:18:08,63,24,1016,94,1
23-07-2024,06:24:43,72,24,1017,94,2
23-07-2024,07:17:32,72,24,1017,94,2
23-07-2024,08:24:32,70,24,1019,94,4
23-07-2024,09:20:26,67,24,1019,94,3
23-07-2024,10:19:22,69,26,1019,88,2
23-07-2024,11:16:30,69,26,1019,88,2
23-07-2024,12:33:48,73,27,1018,83,5
23-07-2024,13:21:32,70,28,1018,74,3
23-07-2024,14:17:52,70,28,1018,74,3
23-07-2024,15:21:12,70,28,1018,74,3
23-07-2024,16:26:08,70,28,1018,74,3
23-07-2024,17:16:38,70,28,1018,74,3
23-07-2024,18:24:25,70,28,1018,74,3
23-07-2024,19:13:56,70,28,1018,74,3
23-07-2024,20:20:36,70,28,1018,74,3
23-07-2024,21:19:43,70,28,1018,74,3
23-07-2024,22:17:28,70,28,1018,74,3
23-07-2024,23:20:06,70,28,1018,74,3
24-07-2024,01:16:42,70,28,1018,74,3
24-07-2024,02:36:33,70,28,1018,74,3
24-07-2024,03:20:00,70,28,1018,74,3
24-07-2024,04:21:29,70,28,1018,74,3
24-07-2024,05:18:32,70,28,1018,74,3
24-07-2024,06:26:18,70,28,1018,74,3
24-07-2024,07:18:22,70,28,1018,74,3
24-07-2024,08:21:52,70,28,1018,74,3
24-07-2024,09:20:06,70,28,1018,74,3
24-07-2024,10:21:49,70,28,1018,74,3
24-07-2024,11:15:03,70,28,1018,74,3
24-07-2024,12:33:48,70,28,1018,74,3
24-07-2024,13:23:49,70,28,1018,74,3
24-07-2024,14:19:44,70,28,1018,74,3
24-07-2024,15:21:31,70,28,1018,74,3
24-07-2024,16:22:45,70,28,1018,74,3
24-07-2024,17:16:51,70,28,1018,74,3
24-07-2024,18:24:23,70,28,1018,74,3
24-07-2024,19:14:35,70,28,1018,74,3
24-07-2024,20:19:32,70,28,1018,74,3
24-07-2024,21:17:24,70,28,1018,74,3
24-07-2024,22:18:40,70,28,1018,74,3
24-07-2024,23:19:42,70,28,1018,74,3
25-07-2024,01:15:04,70,28,1018,74,3
25-07-2024,02:36:26,70,28,1018,74,3
25-07-2024,03:19:42,70,28,1018,74,3
25-07-2024,04:22:36,70,28,1018,74,3
25-07-2024,05:18:19,70,28,1018,74,3
25-07-2024,06:25:02,70,28,1018,74,3
25-07-2024,07:18:56,70,28,1018,74,3
25-07-2024,08:22:55,70,28,1018,74,3
25-07-2024,09:21:05,70,28,1018,74,3
25-07-2024,10:20:10,70,28,1018,74,3
25-07-2024,11:16:12,70,28,1018,74,3
25-07-2024,12:34:26,70,28,1018,74,3
25-07-2024,13:20:47,70,28,1018,74,3
25-07-2024,14:17:25,70,28,1018,74,3
25-07-2024,15:18:32,70,28,1018,74,3
25-07-2024,16:23:27,70,28,1018,74,3
25-07-2024,17:17:08,70,28,1018,74,3
25-07-2024,18:24:03,70,28,1018,74,3
25-07-2024,19:15:12,70,28,1018,74,3
25-07-2024,20:18:56,70,28,1018,74,3
25-07-2024,21:19:38,70,28,1018,74,3
25-07-2024,22:17:13,70,28,1018,74,3
25-07-2024,23:19:56,70,28,1018,74,3
26-07-2024,01:14:04,70,28,1018,74,3
26-07-2024,02:36:24,70,28,1018,74,3
26-07-2024,03:23:02,70,28,1018,74,3
26-07-2024,04:22:14,70,28,1018,74,3
26-07-2024,05:19:22,70,28,1018,74,3
26-07-2024,06:25:20,70,28,1018,74,3
26-07-2024,07:17:27,70,28,1018,74,3
26-07-2024,08:21:36,70,28,1018,74,3
26-07-2024,09:18:36,70,28,1018,74,3
26-07-2024,10:20:49,70,28,1018,74,3
26-07-2024,11:16:32,70,28,1018,74,3
26-07-2024,12:32:07,70,28,1018,74,3
26-07-2024,13:20:46,70,28,1018,74,3
26-07-2024,14:16:05,70,28,1018,74,3
26-07-2024,15:21:14,70,28,1018,74,3
26-07-2024,16:22:22,70,28,1018,74,3
26-07-2024,17:17:05,70,28,1018,74,3
26-07-2024,18:23:43,70,28,1018,74,3
26-07-2024,19:16:51,70,28,1018,74,3
26-07-2024,20:20:52,70,28,1018,74,3
26-07-2024,21:17:58,70,28,1018,74,3
26-07-2024,22:18:52,70,28,1018,74,3
26-07-2024,23:17:10,70,28,1018,74,3
27-07-2024,01:13:51,70,28,1018,74,3
27-07-2024,02:36:15,70,28,1018,74,3
27-07-2024,03:21:40,70,28,1018,74,3
27-07-2024,04:22:02,70,28,1018,74,3
27-07-2024,05:17:34,70,28,1018,74,3
27-07-2024,06:22:06,70,28,1018,74,3
27-07-2024,07:17:53,70,28,1018,74,3
27-07-2024,08:21:01,70,28,1018,74,3
27-07-2024,09:17:39,70,28,1018,74,3
27-07-2024,10:18:06,70,28,1018,74,3
27-07-2024,11:16:59,70,28,1018,74,3
27-07-2024,12:33:34,70,28,1018,74,3
27-07-2024,13:18:11,70,28,1018,74,3
27-07-2024,14:16:14,70,28,1018,74,3
27-07-2024,15:17:41,70,28,1018,74,3
27-07-2024,16:21:28,70,28,1018,74,3
27-07-2024,17:16:00,70,28,1018,74,3
27-07-2024,18:23:46,70,28,1018,74,3
27-07-2024,19:14:32,70,28,1018,74,3
27-07-2024,20:17:31,70,28,1018,74,3
27-07-2024,21:16:08,70,28,1018,74,3
27-07-2024,22:15:49,70,28,1018,74,3
27-07-2024,23:19:08,70,28,1018,74,3
28-07-2024,01:21:02,70,28,1018,74,3
28-07-2024,02:38:27,70,28,1018,74,3
28-07-2024,03:19:54,70,28,1018,74,3
28-07-2024,04:20:27,70,28,1018,74,3
28-07-2024,05:19:08,70,28,1018,74,3
28-07-2024,06:23:20,70,28,1018,74,3
28-07-2024,07:17:34,70,28,1018,74,3
28-07-2024,08:20:04,70,28,1018,74,3
28-07-2024,09:19:11,70,28,1018,74,3
28-07-2024,10:17:13,70,28,1018,74,3
28-07-2024,11:13:58,70,28,1018,74,3
28-07-2024,12:30:24,70,28,1018,74,3
28-07-2024,13:18:27,70,28,1018,74,3
28-07-2024,14:15:46,70,28,1018,74,3
28-07-2024,15:17:37,70,28,1018,74,3
28-07-2024,16:22:43,70,28,1018,74,3
28-07-2024,17:15:45,70,28,1018,74,3
28-07-2024,18:23:24,70,28,1018,74,3
28-07-2024,19:14:12,70,28,1018,74,3
28-07-2024,20:18:33,70,28,1018,74,3
28-07-2024,21:18:52,70,28,1018,74,3
28-07-2024,22:17:33,70,28,1018,74,3
28-07-2024,23:18:14,70,28,1018,74,3
29-07-2024,01:17:27,70,28,1018,74,3
29-07-2024,02:39:39,70,28,1018,74,3
29-07-2024,03:20:52,70,28,1018,74,3
29-07-2024,04:21:27,70,28,1018,74,3
29-07-2024,05:18:49,70,28,1018,74,3
29-07-2024,06:25:15,70,28,1018,74,3
29-07-2024,07:18:06,70,28,1018,74,3
29-07-2024,08:23:37,70,28,1018,74,3
29-07-2024,09:20:23,70,28,1018,74,3
29-07-2024,10:20:43,70,28,1018,74,3
29-07-2024,11:15:44,70,28,1018,74,3
29-07-2024,12:34:40,70,28,1018,74,3
29-07-2024,13:21:46,70,28,1018,74,3
29-07-2024,14:17:23,70,28,1018,74,3
29-07-2024,15:19:50,70,28,1018,74,3
29-07-2024,16:23:11,70,28,1018,74,3
29-07-2024,17:17:00,70,28,1018,74,3
29-07-2024,18:24:51,70,28,1018,74,3
29-07-2024,19:15:41,70,28,1018,74,3
29-07-2024,20:18:58,70,28,1018,74,3
29-07-2024,21:19:47,70,28,1018,74,3
29-07-2024,22:20:47,70,28,1018,74,3
29-07-2024,23:17:18,70,28,1018,74,3
30-07-2024,01:14:52,70,28,1018,74,3
30-07-2024,02:37:01,70,28,1018,74,3
30-07-2024,03:22:16,70,28,1018,74,3
30-07-2024,04:21:15,70,28,1018,74,3
30-07-2024,05:19:40,70,28,1018,74,3
30-07-2024,06:25:27,70,28,1018,74,3
30-07-2024,07:17:58,70,28,1018,74,3
30-07-2024,08:22:48,70,28,1018,74,3
30-07-2024,09:18:59,70,28,1018,74,3
30-07-2024,10:20:06,70,28,1018,74,3
30-07-2024,11:16:33,70,28,1018,74,3
30-07-2024,12:33:33,70,28,1018,74,3
30-07-2024,13:20:16,70,28,1018,74,3
30-07-2024,14:17:36,70,28,1018,74,3
30-07-2024,15:20:27,70,28,1018,74,3
30-07-2024,16:22:43,70,28,1018,74,3
30-07-2024,17:15:38,70,29,1012,74,3
30-07-2024,18:23:00,74,28,1012,78,3
30-07-2024,19:15:05,74,28,1012,78,3
30-07-2024,20:17:32,80,28,1012,78,3
30-07-2024,21:17:25,85,26,1013,88,3
30-07-2024,22:15:25,85,26,1013,88,3
30-07-2024,23:16:36,84,25,1015,94,3
31-07-2024,01:04:30,88,25,1014,94,2
31-07-2024,02:17:28,83,25,1013,94,2
31-07-2024,03:19:56,80,25,1013,94,2
31-07-2024,04:19:46,79,24,1013,100,2
31-07-2024,05:21:02,85,24,1014,100,2
31-07-2024,06:21:29,85,24,1014,100,1
31-07-2024,07:16:01,88,24,1014,94,2
31-07-2024,08:21:11,93,24,1015,100,2
31-07-2024,09:19:51,90,25,1015,88,3
31-07-2024,10:15:30,88,25,1015,88,3
31-07-2024,11:14:37,79,26,1015,83,3
31-07-2024,12:35:07,79,27,1014,78,3
31-07-2024,13:20:49,79,27,1014,78,3
31-07-2024,14:17:42,79,27,1014,78,3
31-07-2024,15:18:46,69,29,1013,74,4
31-07-2024,16:21:57,66,29,1011,70,3
31-07-2024,17:18:53,66,29,1011,70,3
31-07-2024,18:23:56,69,28,1011,78,3
31-07-2024,19:15:47,71,28,1012,78,3
31-07-2024,20:18:26,80,27,1013,83,3
31-07-2024,21:18:35,91,27,1013,83,3
31-07-2024,22:17:28,103,26,1014,83,4
31-07-2024,23:17:34,89,25,1014,94,2
01-08-2024,01:23:53,57,25,1014,88,2
01-08-2024,02:41:06,59,25,1013,88,2
01-08-2024,03:20:11,59,25,1013,88,2
01-08-2024,04:23:31,58,24,1014,94,2
01-08-2024,05:18:12,58,24,1014,94,2
01-08-2024,06:25:43,64,24,1014,94,2
01-08-2024,07:17:04,64,24,1014,94,2
01-08-2024,08:23:11,79,25,1015,88,3
01-08-2024,09:19:20,79,25,1015,88,3
01-08-2024,10:20:12,68,25,1015,88,3
01-08-2024,11:17:22,66,25,1015,88,3
01-08-2024,12:34:52,66,25,1015,88,3
01-08-2024,13:21:50,64,26,1016,83,3
01-08-2024,14:18:02,63,28,1014,74,3
01-08-2024,15:20:11,65,29,1013,70,3
01-08-2024,16:22:25,63,29,1012,70,2
01-08-2024,17:18:35,64,29,1012,70,4
01-08-2024,18:23:47,62,28,1012,74,3
01-08-2024,19:14:44,62,28,1012,74,3
01-08-2024,20:20:13,80,26,1014,88,2
01-08-2024,21:20:02,107,26,1014,88,1
01-08-2024,22:17:46,113,26,1014,88,1
01-08-2024,23:18:59,118,25,1015,94,1
02-08-2024,01:15:40,138,25,1014,94,2
02-08-2024,02:36:58,77,25,1014,88,3
02-08-2024,03:21:38,65,25,1014,88,3
02-08-2024,04:23:25,60,24,1014,94,3
02-08-2024,05:19:33,60,24,1014,94,3
02-08-2024,06:26:28,60,24,1014,94,3
02-08-2024,07:19:23,59,24,1015,94,2
02-08-2024,08:22:14,59,24,1015,94,2
02-08-2024,09:19:20,58,24,1016,94,3
02-08-2024,10:19:15,54,25,1017,88,3
02-08-2024,11:15:10,54,25,1017,88,3
02-08-2024,12:33:52,56,26,1016,83,3
02-08-2024,13:21:18,57,28,1015,74,3
02-08-2024,14:17:03,59,29,1014,70,4
02-08-2024,15:19:35,58,29,1014,70,4
02-08-2024,16:22:03,57,29,1014,70,4
02-08-2024,17:16:38,53,29,1014,70,4
02-08-2024,18:24:26,47,28,1012,74,4
02-08-2024,19:14:38,43,28,1012,74,4
02-08-2024,20:19:24,43,26,1014,83,5
02-08-2024,21:18:25,52,26,1014,83,5
02-08-2024,22:18:03,50,25,1015,83,4
02-08-2024,23:18:04,30,25,1015,78,2
03-08-2024,01:14:24,30,25,1014,88,2
03-08-2024,02:35:03,22,25,1014,88,2
03-08-2024,03:19:25,19,25,1014,88,2
03-08-2024,04:21:25,23,24,1014,94,2
03-08-2024,05:17:14,28,24,1014,94,2
03-08-2024,06:24:24,23,24,1014,94,2
03-08-2024,07:16:23,21,24,1015,94,2
03-08-2024,08:21:50,33,24,1016,94,2
03-08-2024,09:19:30,39,25,1016,83,3
03-08-2024,10:18:15,39,25,1016,83,3
03-08-2024,11:15:11,39,25,1016,83,3
03-08-2024,12:30:59,39,25,1016,83,3
03-08-2024,13:18:08,39,25,1016,83,3
03-08-2024,14:19:50,39,25,1016,83,3
03-08-2024,15:19:35,43,28,1014,74,3
03-08-2024,16:22:30,43,29,1013,70,3
03-08-2024,17:16:21,47,29,1013,70,3
03-08-2024,18:24:21,47,29,1013,70,3
03-08-2024,19:15:50,49,27,1013,78,3
03-08-2024,20:18:02,61,27,1014,78,3
03-08-2024,21:16:47,72,26,1015,83,6
03-08-2024,22:16:12,65,24,1016,94,2
03-08-2024,23:19:11,41,24,1017,94,3
04-08-2024,01:21:11,50,24,1016,94,2
04-08-2024,02:39:05,49,24,1016,94,1
04-08-2024,03:20:38,45,24,1016,94,1
04-08-2024,04:23:12,43,24,1016,94,1
04-08-2024,05:17:17,45,24,1016,94,2
04-08-2024,06:24:23,46,24,1016,94,3
04-08-2024,07:16:39,46,24,1016,94,3
04-08-2024,08:20:17,50,24,1016,88,3
04-08-2024,09:19:39,51,25,1018,88,2
04-08-2024,10:17:53,53,26,1018,78,3
04-08-2024,11:16:33,54,27,1018,74,3
04-08-2024,12:30:31,61,28,1017,69,4
04-08-2024,13:19:36,61,28,1017,69,4
04-08-2024,14:17:38,62,28,1016,69,3
04-08-2024,15:18:06,61,29,1015,70,3
04-08-2024,16:20:16,62,29,1014,65,3
04-08-2024,17:14:56,58,30,1014,62,4
04-08-2024,18:22:25,59,28,1014,74,3
04-08-2024,19:14:59,62,28,1014,74,3
04-08-2024,20:19:52,70,26,1015,83,3
04-08-2024,21:17:40,74,26,1015,78,3
04-08-2024,22:17:38,84,25,1016,88,2
04-08-2024,23:19:52,93,25,1016,83,2
05-08-2024,01:16:53,81,25,1016,83,2
05-08-2024,02:38:42,59,25,1016,83,2
05-08-2024,03:20:31,59,25,1016,83,2
05-08-2024,04:21:14,58,25,1016,83,2
05-08-2024,05:20:21,58,25,1016,83,2
05-08-2024,06:27:02,58,25,1016,83,2
05-08-2024,07:17:52,69,25,1016,83,2
05-08-2024,08:23:42,71,25,1016,88,2
05-08-2024,09:18:53,75,25,1016,88,2
05-08-2024,10:21:11,75,27,1017,78,4
05-08-2024,11:15:52,73,28,1016,74,5
05-08-2024,12:34:16,66,29,1016,70,4
05-08-2024,13:21:53,60,29,1016,70,4
05-08-2024,14:17:01,59,30,1015,62,4
05-08-2024,15:19:27,58,30,1014,62,4
05-08-2024,16:22:37,59,30,1013,66,3
05-08-2024,17:18:17,59,30,1013,66,4
05-08-2024,18:25:20,59,29,1013,65,4
05-08-2024,19:17:19,63,28,1013,74,3
05-08-2024,20:18:18,70,27,1014,78,2
05-08-2024,21:20:04,85,26,1014,83,1
05-08-2024,22:17:22,93,26,1015,83,1
05-08-2024,23:21:31,130,26,1015,83,1
06-08-2024,01:15:22,74,26,1014,83,3
06-08-2024,02:38:02,74,26,1014,83,3
06-08-2024,03:20:10,73,25,1014,88,2
06-08-2024,04:22:15,72,25,1013,88,2
06-08-2024,05:19:08,73,25,1013,88,3
06-08-2024,06:27:19,76,25,1013,88,2
06-08-2024,07:18:46,77,24,1014,94,2
06-08-2024,08:27:20,78,25,1015,88,2
06-08-2024,09:19:20,81,25,1015,88,2
06-08-2024,10:21:09,81,26,1015,83,3
06-08-2024,11:16:14,81,26,1015,83,3
06-08-2024,12:34:02,81,26,1015,83,3
06-08-2024,13:21:03,81,26,1015,83,3
06-08-2024,14:17:35,81,26,1015,83,3
06-08-2024,15:21:34,81,26,1015,83,3
06-08-2024,16:22:09,81,26,1015,83,3
06-08-2024,17:18:52,66,28,1011,74,3
06-08-2024,18:25:41,68,28,1012,74,3
06-08-2024,19:14:14,83,27,1012,78,2
06-08-2024,20:17:48,89,26,1012,88,1
06-08-2024,21:16:55,113,26,1013,83,2
06-08-2024,22:18:11,147,25,1013,94,2
06-08-2024,23:18:53,125,25,1013,94,2
07-08-2024,01:16:18,97,24,1013,100,4
07-08-2024,02:38:55,70,24,1012,100,4
07-08-2024,03:21:12,55,24,1012,94,5
07-08-2024,04:23:01,43,24,1012,100,5
07-08-2024,05:19:05,34,24,1012,100,6
07-08-2024,06:25:17,44,24,1012,100,3
07-08-2024,07:17:53,53,23,1013,100,2
07-08-2024,08:24:02,65,24,1014,94,2
07-08-2024,09:20:23,74,24,1015,88,4
07-08-2024,10:19:52,78,24,1015,88,4
07-08-2024,11:14:54,71,24,1015,88,3
07-08-2024,12:35:08,69,25,1014,83,3
07-08-2024,13:21:51,65,26,1013,78,4
07-08-2024,14:16:54,66,26,1012,73,3
07-08-2024,15:19:51,66,28,1012,74,4
07-08-2024,16:22:42,65,27,1011,74,5
07-08-2024,17:18:29,66,26,1011,83,4
07-08-2024,18:24:36,69,26,1011,83,4
07-08-2024,19:16:23,77,26,1012,83,2
07-08-2024,20:18:59,91,26,1012,83,2
07-08-2024,21:19:51,107,25,1013,88,2
07-08-2024,22:17:52,109,24,1013,94,2
07-08-2024,23:17:23,103,24,1014,94,1
08-08-2024,01:19:16,78,24,1013,94,2
08-08-2024,02:39:33,78,24,1013,94,2
08-08-2024,03:20:27,65,25,1013,83,3
08-08-2024,04:23:10,64,24,1013,88,4
08-08-2024,05:18:05,65,24,1013,88,2
08-08-2024,06:27:18,66,24,1013,88,2
08-08-2024,07:17:21,67,24,1014,88,3
08-08-2024,08:23:14,67,24,1014,88,3
08-08-2024,09:19:50,66,25,1015,83,4
08-08-2024,10:19:28,59,25,1015,83,3
08-08-2024,11:17:49,57,25,1015,83,5
08-08-2024,12:33:56,58,26,1014,78,3
08-08-2024,13:21:06,58,27,1014,78,2
08-08-2024,14:17:02,59,28,1013,74,2
08-08-2024,15:19:42,57,29,1013,70,3
08-08-2024,16:22:30,58,28,1012,69,3
08-08-2024,17:16:42,60,28,1012,69,3
08-08-2024,18:25:30,60,28,1012,69,3
08-08-2024,19:14:56,60,28,1012,69,3
08-08-2024,20:20:03,78,27,1013,78,2
08-08-2024,21:17:49,92,26,1013,83,2
08-08-2024,22:17:40,96,25,1014,94,1
08-08-2024,23:19:08,101,25,1014,94,1
09-08-2024,01:17:25,112,24,1013,94,2
09-08-2024,02:39:00,120,24,1013,94,1
09-08-2024,03:20:07,133,24,1013,94,1
09-08-2024,04:21:20,113,24,1013,94,2
09-08-2024,05:18:13,78,24,1014,94,2
09-08-2024,06:26:47,69,24,1014,94,2
09-08-2024,07:17:15,70,24,1015,94,2
09-08-2024,08:23:54,75,25,1015,88,2
09-08-2024,09:21:39,82,25,1016,88,1
09-08-2024,10:19:32,79,26,1016,83,2
09-08-2024,11:16:48,83,27,1015,78,4
09-08-2024,12:34:34,81,27,1015,78,3
09-08-2024,13:21:13,79,28,1014,74,2
09-08-2024,14:17:45,79,29,1013,70,2
09-08-2024,15:21:20,79,29,1013,70,2
09-08-2024,16:22:26,79,29,1013,70,2
09-08-2024,17:17:02,79,29,1013,70,2
09-08-2024,18:25:01,82,29,1012,70,2
09-08-2024,19:16:10,86,29,1012,70,3
09-08-2024,20:20:41,111,27,1012,83,2
09-08-2024,21:16:55,106,26,1013,88,2
09-08-2024,22:18:29,153,26,1014,88,2
09-08-2024,23:18:25,152,26,1014,88,2
10-08-2024,01:16:50,156,25,1013,94,1
10-08-2024,02:39:34,155,25,1013,94,2
10-08-2024,03:22:50,154,25,1013,94,2
10-08-2024,04:23:07,154,24,1013,94,2
10-08-2024,05:17:19,134,24,1013,94,3
10-08-2024,06:23:17,91,24,1014,100,4
10-08-2024,07:15:56,82,23,1014,94,1
10-08-2024,08:21:18,56,23,1015,100,2
10-08-2024,09:18:52,56,23,1015,100,2
10-08-2024,10:19:35,84,25,1015,88,1
10-08-2024,11:14:31,90,27,1015,83,2
10-08-2024,12:32:22,86,28,1014,78,4
10-08-2024,13:20:03,86,28,1014,78,4
10-08-2024,14:16:21,89,29,1012,74,3
10-08-2024,15:19:21,94,27,1012,88,2
10-08-2024,16:25:01,96,29,1011,70,5
10-08-2024,17:14:29,90,29,1011,74,3
10-08-2024,18:23:11,84,26,1012,83,7
10-08-2024,19:14:47,76,26,1012,78,5
10-08-2024,20:18:58,90,25,1013,88,4
10-08-2024,21:17:42,91,25,1013,88,3
10-08-2024,22:16:41,97,24,1014,100,2
10-08-2024,23:18:39,97,24,1014,100,2
11-08-2024,01:22:15,98,24,1014,100,2
11-08-2024,02:41:17,98,24,1014,100,2
11-08-2024,03:22:22,98,24,1014,100,2
11-08-2024,04:20:56,98,24,1014,100,2
11-08-2024,05:16:50,98,24,1014,100,2
11-08-2024,08:21:49,85,24,1015,94,2
11-08-2024,09:20:37,85,24,1015,94,2
11-08-2024,10:18:34,83,27,1015,78,4
11-08-2024,11:14:20,73,28,1015,69,4
11-08-2024,12:32:00,71,29,1014,70,3
11-08-2024,13:20:23,70,29,1014,70,3
11-08-2024,14:17:42,69,31,1013,58,4
11-08-2024,15:19:31,70,31,1012,62,5
11-08-2024,16:20:11,71,31,1011,62,5
11-08-2024,17:15:35,71,31,1011,62,5
11-08-2024,18:25:33,68,30,1011,66,3
11-08-2024,19:15:31,70,29,1011,70,2
11-08-2024,20:19:01,82,28,1012,69,2
11-08-2024,21:19:41,108,27,1013,83,2
11-08-2024,22:18:51,125,26,1013,88,2
11-08-2024,23:18:06,128,26,1013,83,2
12-08-2024,01:18:01,93,26,1013,83,3
12-08-2024,02:40:28,81,25,1013,88,2
12-08-2024,03:20:47,70,25,1013,83,3
12-08-2024,04:22:04,68,25,1013,83,3
12-08-2024,05:18:55,69,25,1013,83,2
12-08-2024,06:26:19,70,25,1013,83,2
12-08-2024,07:17:46,70,25,1014,83,3
12-08-2024,08:24:11,79,25,1014,83,3
12-08-2024,09:21:57,78,25,1015,83,2
12-08-2024,10:20:08,76,26,1015,78,3
12-08-2024,11:17:58,77,27,1015,74,3
12-08-2024,12:36:21,73,27,1014,74,3
12-08-2024,13:22:31,68,27,1013,74,2
12-08-2024,14:18:54,66,28,1013,69,3
12-08-2024,15:21:22,71,28,1012,69,3
12-08-2024,16:23:26,71,27,1012,78,3
12-08-2024,17:16:44,80,28,1011,69,2
12-08-2024,18:26:36,89,28,1011,69,3
12-08-2024,19:16:53,91,27,1012,78,2
12-08-2024,20:19:29,94,26,1012,83,2
12-08-2024,21:19:41,155,25,1013,88,2
12-08-2024,22:17:53,155,25,1013,88,2
12-08-2024,23:19:21,155,25,1013,88,2
13-08-2024,01:18:30,108,25,1013,88,2
13-08-2024,02:39:58,108,25,1013,88,2
13-08-2024,03:21:40,83,25,1013,88,2
13-08-2024,04:21:49,84,25,1012,88,3
13-08-2024,05:19:20,84,25,1013,83,4
13-08-2024,06:29:03,85,24,1014,88,5
13-08-2024,07:18:32,75,24,1014,88,3
13-08-2024,08:23:19,73,24,1015,88,3
13-08-2024,09:21:32,73,24,1015,88,3
13-08-2024,10:20:09,73,24,1015,88,3
13-08-2024,11:15:06,73,24,1015,88,3
13-08-2024,12:34:46,73,28,1015,69,4
13-08-2024,13:22:32,63,28,1014,69,4
13-08-2024,14:17:43,65,28,1014,69,4
13-08-2024,15:19:51,64,29,1013,65,4
13-08-2024,16:23:00,64,29,1013,65,4
13-08-2024,17:17:52,65,28,1012,69,5
13-08-2024,18:25:11,71,28,1012,69,2
13-08-2024,19:16:41,80,27,1013,78,2
13-08-2024,20:19:25,100,27,1013,78,2
13-08-2024,21:17:26,94,26,1014,44,2
13-08-2024,22:17:53,98,26,1015,83,1
13-08-2024,23:20:08,99,26,1015,83,1
14-08-2024,01:16:38,118,25,1015,94,1
14-08-2024,02:38:21,71,25,1015,94,1
14-08-2024,03:23:48,63,25,1014,83,4
14-08-2024,04:21:31,63,25,1014,83,4
14-08-2024,05:18:22,61,24,1015,88,4
14-08-2024,06:25:34,61,24,1016,83,3
14-08-2024,07:18:07,61,24,1016,83,3
14-08-2024,08:23:30,61,24,1016,83,3
14-08-2024,09:20:25,65,25,1018,83,3
14-08-2024,10:19:53,57,26,1018,78,2
14-08-2024,11:16:39,59,27,1018,74,4
14-08-2024,12:34:59,57,27,1018,74,4
14-08-2024,13:21:31,52,27,1018,74,4
14-08-2024,14:17:28,55,30,1015,62,4
14-08-2024,15:19:28,57,31,1014,62,2
14-08-2024,16:24:48,57,31,1014,62,2
14-08-2024,17:16:26,60,31,1013,62,3
14-08-2024,18:23:53,60,30,1013,66,2
14-08-2024,19:18:21,60,30,1013,66,2
14-08-2024,20:18:42,60,30,1013,66,2
14-08-2024,21:17:35,118,27,1015,74,3
14-08-2024,22:18:47,145,27,1015,74,3
15-08-2024,02:24:02,103,24,1015,94,3
15-08-2024,03:30:06,66,24,1014,94,2
15-08-2024,04:21:34,66,24,1014,94,2
15-08-2024,05:18:49,65,24,1014,94,1
15-08-2024,06:25:19,67,24,1014,94,1
15-08-2024,07:17:06,72,24,1015,94,1
15-08-2024,08:22:44,72,24,1015,94,1
15-08-2024,09:19:15,76,25,1017,94,5
15-08-2024,10:20:53,76,26,1017,88,5
15-08-2024,11:16:29,73,26,1017,88,5
15-08-2024,12:33:51,66,28,1016,74,4
15-08-2024,13:20:34,67,28,1015,74,3
15-08-2024,14:16:38,70,28,1015,74,3
15-08-2024,15:18:47,69,28,1015,74,3
15-08-2024,16:23:57,67,29,1012,70,4
15-08-2024,17:16:41,67,28,1012,74,3
15-08-2024,18:24:27,65,28,1012,74,3
15-08-2024,19:14:18,68,27,1012,78,2
15-08-2024,20:19:36,81,26,1013,83,2
15-08-2024,21:19:23,90,26,1014,83,2
15-08-2024,22:18:27,81,26,1014,83,3
15-08-2024,23:16:45,78,25,1014,88,2
16-08-2024,01:16:55,70,25,1014,88,4
16-08-2024,02:38:10,70,25,1014,88,4
16-08-2024,03:23:00,64,24,1013,94,2
16-08-2024,04:21:26,65,24,1013,94,2
16-08-2024,05:18:31,58,24,1013,94,2
16-08-2024,06:25:04,63,23,1014,100,5
16-08-2024,07:18:25,53,21,1015,94,3
16-08-2024,08:23:32,35,21,1015,94,3
16-08-2024,09:21:29,38,22,1015,94,2
16-08-2024,10:20:39,53,23,1015,94,3
16-08-2024,11:16:51,49,24,1015,83,3
16-08-2024,12:34:20,43,27,1015,74,2
16-08-2024,13:20:27,51,27,1014,74,4
16-08-2024,14:18:03,48,27,1014,74,4
16-08-2024,15:18:27,38,27,1013,74,5
16-08-2024,16:24:06,35,27,1012,74,4
16-08-2024,17:16:57,35,27,1012,78,4
16-08-2024,18:23:48,54,26,1012,78,4
16-08-2024,19:17:04,54,26,1012,78,4
16-08-2024,20:19:18,60,25,1013,88,3
16-08-2024,21:18:08,63,25,1014,88,3
16-08-2024,22:18:17,73,25,1015,88,3
16-08-2024,23:18:14,66,25,1015,88,3
17-08-2024,01:14:50,55,24,1014,94,2
17-08-2024,02:36:19,56,24,1014,94,2
17-08-2024,03:20:20,55,24,1014,94,2
17-08-2024,04:23:47,49,24,1014,88,3
17-08-2024,05:19:08,48,24,1014,88,2
17-08-2024,06:23:44,52,23,1015,100,2
17-08-2024,07:15:05,60,24,1015,88,2
17-08-2024,08:22:05,64,24,1015,88,2
17-08-2024,09:18:01,51,24,1015,88,2
17-08-2024,10:19:25,51,26,1017,78,3
17-08-2024,11:14:51,50,27,1016,74,2
17-08-2024,12:31:43,50,28,1016,69,3
17-08-2024,13:18:38,49,28,1015,74,2
17-08-2024,14:17:41,51,29,1014,70,2
17-08-2024,15:17:33,53,30,1013,66,3
17-08-2024,16:24:17,53,30,1012,62,3
17-08-2024,17:15:27,53,30,1012,62,3
17-08-2024,18:23:39,60,28,1013,74,2
17-08-2024,19:16:33,60,28,1013,74,2
17-08-2024,20:18:09,73,27,1014,78,2
17-08-2024,21:15:49,81,27,1015,78,3
17-08-2024,22:17:26,100,26,1016,83,3
17-08-2024,23:17:39,96,25,1016,94,1
18-08-2024,01:20:29,82,25,1015,94,1
18-08-2024,02:38:22,62,25,1015,94,1
18-08-2024,03:19:18,61,25,1015,94,1
18-08-2024,04:22:59,62,25,1015,94,3
18-08-2024,05:18:21,62,25,1015,94,3
18-08-2024,06:23:43,67,25,1016,94,2
18-08-2024,07:15:23,67,25,1016,94,2
18-08-2024,08:20:51,71,25,1017,88,3
18-08-2024,09:21:26,74,25,1017,94,4
18-08-2024,10:19:20,75,25,1018,88,3
18-08-2024,11:14:19,72,26,1017,78,3
18-08-2024,12:33:55,70,26,1017,83,4
18-08-2024,13:19:22,72,26,1017,83,4
18-08-2024,14:16:53,69,28,1015,78,4
18-08-2024,15:17:41,72,28,1014,74,3
18-08-2024,16:20:26,70,27,1014,83,4
18-08-2024,17:15:20,76,27,1013,83,3
18-08-2024,18:22:40,74,27,1013,83,3
18-08-2024,19:14:40,83,26,1013,88,2
18-08-2024,20:18:23,105,26,1014,83,2
18-08-2024,21:15:48,93,26,1014,83,2
18-08-2024,22:17:25,93,26,1014,83,2
18-08-2024,23:19:40,98,25,1016,94,2
19-08-2024,01:17:56,85,25,1014,94,3
19-08-2024,02:39:35,80,25,1013,94,3
19-08-2024,03:20:58,76,25,1013,94,3
19-08-2024,04:21:53,71,25,1014,94,3
19-08-2024,05:18:04,70,24,1014,94,1
19-08-2024,06:26:09,73,24,1014,94,1
19-08-2024,07:18:22,71,22,1015,94,4
19-08-2024,08:23:20,61,22,1015,100,2
19-08-2024,09:20:29,64,22,1016,100,3
19-08-2024,10:21:19,56,23,1017,100,3
19-08-2024,11:15:39,66,24,1017,94,3
19-08-2024,12:35:01,78,25,1015,94,3
19-08-2024,13:22:01,59,24,1014,88,3
19-08-2024,14:19:35,64,24,1014,88,3
19-08-2024,15:20:35,64,24,1014,88,3
19-08-2024,16:21:59,63,24,1012,88,2
19-08-2024,17:17:37,80,24,1012,88,2
19-08-2024,18:23:39,95,23,1013,94,3
19-08-2024,19:16:15,91,23,1013,94,2
19-08-2024,20:18:50,99,23,1014,94,3
19-08-2024,21:19:54,99,24,1014,83,2
19-08-2024,22:19:09,122,22,1015,100,2
19-08-2024,23:19:58,138,22,1015,100,2
20-08-2024,01:16:46,100,22,1014,100,2
20-08-2024,02:37:31,79,22,1014,94,4
20-08-2024,03:22:30,61,22,1013,94,2
20-08-2024,04:23:06,52,22,1013,100,2
20-08-2024,05:17:29,52,22,1013,100,2
20-08-2024,06:25:58,64,22,1014,100,2
20-08-2024,07:18:01,48,22,1015,100,2
20-08-2024,08:22:55,58,22,1016,100,2
20-08-2024,09:21:09,45,23,1016,94,2
20-08-2024,10:19:14,57,23,1016,94,2
20-08-2024,11:16:59,59,24,1017,88,2
20-08-2024,12:34:53,59,24,1016,83,1
20-08-2024,13:21:15,59,24,1016,83,1
20-08-2024,14:17:45,56,26,1015,83,1
20-08-2024,15:21:06,57,26,1014,78,1
20-08-2024,16:21:52,57,27,1014,78,1
20-08-2024,17:17:44,56,28,1013,69,1
20-08-2024,18:23:52,54,26,1014,78,2
20-08-2024,19:14:50,68,25,1014,83,2
20-08-2024,20:21:02,110,25,1016,83,5
20-08-2024,21:19:21,60,23,1016,94,3
20-08-2024,22:16:32,45,23,1016,94,3
20-08-2024,23:20:54,49,23,1017,94,2
21-08-2024,01:16:34,58,23,1017,94,2
21-08-2024,02:40:42,60,23,1015,94,2
21-08-2024,03:19:53,60,23,1015,94,2
21-08-2024,04:22:41,52,23,1015,94,2
21-08-2024,05:19:08,57,23,1015,94,2
21-08-2024,06:24:50,68,23,1016,94,2
21-08-2024,07:17:59,78,23,1016,100,1
21-08-2024,08:22:57,78,23,1016,100,1
21-08-2024,09:20:30,78,23,1016,100,1
21-08-2024,10:19:02,79,24,1017,94,2
21-08-2024,11:14:19,67,26,1018,78,4
21-08-2024,12:34:59,66,26,1018,78,4
21-08-2024,13:24:01,64,29,1016,70,3
21-08-2024,14:19:21,62,29,1015,70,3
21-08-2024,15:18:44,58,29,1014,70,3
21-08-2024,16:23:05,56,29,1013,65,4
21-08-2024,17:17:03,58,30,1013,66,3
21-08-2024,18:23:41,59,30,1013,66,3
21-08-2024,19:16:08,63,27,1014,78,2
21-08-2024,20:19:52,72,26,1014,88,3
21-08-2024,21:17:59,81,25,1015,88,3
21-08-2024,22:16:40,95,25,1015,94,1
21-08-2024,23:18:17,93,25,1016,88,1
22-08-2024,01:18:39,92,25,1014,88,1
22-08-2024,02:38:45,96,23,1013,100,1
22-08-2024,03:21:30,100,23,1014,100,1
22-08-2024,04:21:53,99,23,1014,94,2
22-08-2024,05:17:58,99,23,1014,94,2
22-08-2024,06:26:34,131,23,1015,100,1
22-08-2024,07:18:22,131,23,1015,100,1
22-08-2024,08:22:50,101,24,1015,94,1
22-08-2024,09:19:40,101,24,1015,94,1
22-08-2024,10:21:11,96,26,1016,88,3
22-08-2024,11:16:20,84,27,1015,78,4
22-08-2024,12:34:39,76,28,1016,74,5
22-08-2024,13:22:03,70,28,1016,74,5
22-08-2024,14:18:52,71,28,1016,74,5
22-08-2024,15:21:30,70,28,1011,78,3
22-08-2024,16:26:43,61,26,1011,94,2
22-08-2024,17:18:45,66,27,1011,88,2
22-08-2024,18:24:37,80,27,1011,88,2
22-08-2024,19:15:55,70,24,1012,94,2
22-08-2024,20:20:30,70,24,1012,94,2
22-08-2024,21:19:31,72,24,1013,94,3
22-08-2024,22:18:44,78,24,1013,88,3
22-08-2024,23:19:28,69,24,1013,94,2
23-08-2024,01:16:26,47,23,1013,100,2
23-08-2024,02:38:14,40,23,1012,100,2
23-08-2024,03:20:33,40,23,1012,100,2
23-08-2024,04:22:53,52,23,1011,100,2
23-08-2024,05:17:50,54,23,1011,100,2
23-08-2024,06:25:43,67,24,1012,94,1
23-08-2024,07:18:13,67,24,1012,94,1
23-08-2024,08:24:00,78,25,1014,88,3
23-08-2024,09:18:58,78,25,1014,88,3
23-08-2024,10:19:07,74,25,1014,88,2
23-08-2024,11:16:01,74,25,1014,88,2
23-08-2024,12:33:47,63,26,1014,83,4
23-08-2024,13:20:50,56,24,1013,88,4
23-08-2024,14:19:10,56,24,1013,94,3
23-08-2024,15:21:49,52,25,1012,88,2
23-08-2024,16:23:57,52,25,1012,88,2
23-08-2024,17:16:46,43,26,1012,83,3
23-08-2024,18:24:03,44,26,1012,83,3
23-08-2024,19:15:30,45,26,1012,83,3
23-08-2024,20:20:42,56,26,1012,83,3
23-08-2024,21:17:27,58,26,1012,83,3
23-08-2024,22:18:13,55,26,1012,83,3
23-08-2024,23:17:59,46,26,1012,83,3
24-08-2024,01:15:07,46,24,1016,94,1
24-08-2024,02:38:06,35,24,1014,94,2
24-08-2024,03:19:44,35,24,1014,94,2
24-08-2024,04:21:15,34,24,1015,94,2
24-08-2024,05:18:36,34,24,1015,94,2
24-08-2024,06:24:40,43,23,1016,100,2
24-08-2024,07:16:05,40,23,1016,100,2
24-08-2024,08:20:55,40,23,1016,100,2
24-08-2024,09:18:20,56,24,1017,88,2
24-08-2024,10:17:31,52,25,1017,88,2
24-08-2024,11:15:54,41,27,1018,78,3
24-08-2024,12:32:05,45,27,1017,78,5
24-08-2024,13:19:18,45,27,1017,78,5
24-08-2024,14:17:39,38,27,1016,83,4
24-08-2024,15:19:31,47,28,1015,78,6
24-08-2024,16:20:56,47,28,1015,78,6
24-08-2024,17:16:46,51,27,1015,78,2
24-08-2024,18:22:07,45,27,1015,78,2
24-08-2024,19:14:05,61,26,1015,83,2
24-08-2024,20:19:36,68,26,1015,88,2
24-08-2024,21:15:41,82,26,1016,88,3
24-08-2024,22:16:41,70,26,1016,88,3
24-08-2024,23:18:13,77,25,1016,94,2
25-08-2024,01:22:55,72,25,1016,94,1
25-08-2024,02:42:03,72,25,1016,94,1
25-08-2024,03:20:24,72,25,1016,94,1
25-08-2024,04:21:36,58,24,1015,100,3
25-08-2024,05:19:33,58,24,1015,100,3
25-08-2024,06:24:02,58,24,1015,100,2
25-08-2024,07:17:37,58,24,1015,100,2
25-08-2024,08:21:34,60,25,1016,94,2
25-08-2024,09:19:16,60,25,1016,94,2
25-08-2024,10:19:51,53,25,1016,94,4
25-08-2024,11:16:39,52,25,1016,94,4
25-08-2024,12:32:07,47,27,1015,83,6
25-08-2024,13:19:36,50,27,1015,83,6
25-08-2024,14:15:22,52,27,1014,83,6
25-08-2024,15:18:55,52,27,1014,83,4
25-08-2024,16:20:45,54,28,1012,78,5
25-08-2024,17:18:36,51,28,1012,74,4
25-08-2024,18:22:56,44,27,1012,83,4
25-08-2024,19:15:53,49,26,1013,88,2
25-08-2024,20:22:05,56,26,1012,94,2
25-08-2024,21:16:43,62,25,1012,94,3
25-08-2024,22:18:50,68,25,1014,94,1
25-08-2024,23:18:48,49,21,1015,94,1
26-08-2024,01:17:18,58,21,1014,94,3
26-08-2024,02:39:04,56,21,1013,94,1
26-08-2024,03:23:03,59,21,1013,94,1
26-08-2024,04:22:31,60,21,1012,94,1
26-08-2024,05:18:37,62,21,1013,94,2
26-08-2024,06:27:07,81,21,1013,100,2
26-08-2024,07:18:32,67,21,1012,100,5
26-08-2024,08:25:26,93,21,1013,100,2
26-08-2024,09:20:40,110,22,1013,100,3
26-08-2024,10:20:35,79,22,1014,100,3
26-08-2024,11:15:56,86,23,1014,100,3
26-08-2024,12:35:33,79,23,1014,100,4
26-08-2024,13:24:52,55,25,1013,83,4
26-08-2024,14:18:57,68,25,1012,88,4
26-08-2024,15:19:27,59,26,1012,83,3
26-08-2024,16:23:29,59,26,1012,83,3
26-08-2024,17:17:01,64,24,1011,88,2
26-08-2024,18:25:13,66,23,1012,94,3
26-08-2024,19:16:30,56,22,1012,100,2
26-08-2024,20:20:51,61,23,1013,94,2
26-08-2024,21:17:56,61,23,1013,94,2
26-08-2024,22:18:41,77,23,1013,94,1
26-08-2024,23:18:54,85,23,1014,100,2
27-08-2024,01:19:23,75,23,1013,100,2
27-08-2024,02:39:57,64,23,1013,100,2
27-08-2024,03:20:46,62,23,1012,100,2
27-08-2024,04:23:59,54,23,1012,94,1
27-08-2024,05:18:34,58,23,1013,94,2
27-08-2024,06:25:34,67,23,1013,94,2
27-08-2024,07:19:05,73,23,1014,100,2
27-08-2024,08:24:15,74,24,1015,88,2
27-08-2024,09:20:02,69,24,1015,88,2
27-08-2024,10:18:43,54,25,1015,83,4
27-08-2024,11:16:54,51,27,1015,78,3
27-08-2024,12:34:47,36,27,1015,78,3
27-08-2024,13:21:35,32,28,1014,74,3
27-08-2024,14:17:50,35,28,1014,74,3
27-08-2024,15:20:46,34,30,1013,66,3
27-08-2024,16:22:50,32,30,1013,66,3
27-08-2024,17:17:29,37,28,1012,74,2
27-08-2024,18:24:20,41,28,1012,74,2
27-08-2024,19:15:31,52,27,1013,78,2
27-08-2024,20:20:16,88,26,1014,88,3
27-08-2024,21:16:47,88,26,1014,88,3
27-08-2024,22:19:52,71,26,1015,88,3
27-08-2024,23:18:31,51,25,1016,94,4
28-08-2024,01:18:42,24,24,1015,94,4
28-08-2024,02:40:15,18,24,1015,94,2
28-08-2024,03:21:18,13,24,1014,94,3
28-08-2024,04:23:00,14,24,1014,100,2
28-08-2024,05:19:00,15,24,1015,100,2
28-08-2024,06:27:04,25,24,1015,94,2
28-08-2024,07:17:18,30,24,1016,94,2
28-08-2024,08:24:29,33,24,1017,94,1
28-08-2024,09:20:54,43,25,1018,88,2
28-08-2024,10:19:31,43,25,1018,88,2
28-08-2024,11:16:12,36,25,1018,88,2
28-08-2024,12:36:09,34,26,1016,83,4
28-08-2024,13:22:11,48,26,1016,83,4
28-08-2024,14:17:44,49,27,1014,78,3
28-08-2024,15:19:49,36,27,1014,78,3
28-08-2024,16:24:40,36,27,1014,78,3
28-08-2024,17:16:14,39,26,1014,83,3
28-08-2024,18:24:39,42,26,1014,83,3
28-08-2024,19:17:21,49,26,1014,83,3
28-08-2024,20:20:11,57,25,1015,94,2
28-08-2024,21:19:09,78,24,1015,94,2
28-08-2024,22:17:01,107,24,1015,94,2
28-08-2024,23:19:36,104,25,1016,83,2
29-08-2024,01:19:57,103,23,1015,94,1
29-08-2024,02:42:05,100,23,1015,100,1
29-08-2024,03:20:42,100,23,1015,100,1
29-08-2024,04:21:42,117,23,1014,100,2
29-08-2024,05:18:53,104,23,1014,100,2
29-08-2024,06:26:00,101,23,1015,100,1
29-08-2024,07:18:43,90,23,1015,100,1
29-08-2024,08:25:21,88,24,1016,94,2
29-08-2024,09:20:48,98,25,1016,94,4
29-08-2024,10:20:03,98,25,1016,94,4
29-08-2024,11:17:09,88,26,1016,88,3
29-08-2024,12:35:37,66,28,1014,78,5
29-08-2024,13:23:11,66,28,1014,78,5
29-08-2024,14:19:40,63,28,1013,78,5
29-08-2024,15:21:20,65,27,1012,78,4
29-08-2024,16:23:58,69,26,1012,88,3
29-08-2024,17:16:27,68,26,1012,88,3
29-08-2024,18:25:37,76,26,1012,88,3
29-08-2024,19:15:48,87,26,1012,94,2
29-08-2024,20:20:00,98,25,1013,88,1
29-08-2024,21:20:02,97,25,1013,94,1
29-08-2024,22:17:40,92,25,1013,94,1
29-08-2024,23:18:51,92,25,1013,94,1
30-08-2024,01:20:31,92,25,1013,94,1
30-08-2024,02:42:44,37,24,1014,100,4
30-08-2024,03:20:19,37,24,1014,100,4
30-08-2024,04:23:20,32,23,1013,100,6
30-08-2024,05:19:26,32,23,1013,100,6
30-08-2024,06:26:55,38,23,1013,94,2
30-08-2024,07:18:13,45,23,1013,94,2
30-08-2024,08:24:47,44,23,1013,94,2
30-08-2024,09:20:58,67,23,1013,94,2
30-08-2024,10:19:37,77,23,1013,100,2
30-08-2024,11:18:00,72,23,1015,100,2
30-08-2024,12:34:45,64,24,1014,94,3
30-08-2024,13:22:45,65,25,1013,88,4
30-08-2024,14:19:01,67,25,1012,88,5
30-08-2024,15:20:05,63,24,1011,94,3
30-08-2024,16:21:43,55,25,1011,88,5
30-08-2024,17:18:43,59,24,1011,94,4
30-08-2024,18:25:16,51,23,1011,100,3
30-08-2024,19:14:51,52,23,1012,100,2
30-08-2024,20:22:10,72,23,1013,100,2
30-08-2024,21:19:27,71,23,1013,100,2
30-08-2024,22:17:46,83,23,1013,100,4
30-08-2024,23:20:23,59,23,1013,100,4
31-08-2024,01:18:58,13,23,1013,94,3
31-08-2024,02:41:50,18,23,1013,94,2
31-08-2024,03:19:42,18,23,1013,94,2
31-08-2024,04:23:06,36,23,1013,94,2
31-08-2024,05:17:32,45,23,1013,94,2
31-08-2024,06:24:56,45,23,1013,94,2
31-08-2024,07:15:45,51,23,1014,94,3
31-08-2024,08:23:48,62,23,1015,94,3
31-08-2024,09:19:14,58,24,1016,88,4
31-08-2024,10:18:01,54,24,1015,88,4
31-08-2024,11:15:48,55,24,1015,88,4
31-08-2024,12:32:57,53,26,1015,78,4
31-08-2024,13:20:25,41,26,1015,78,4
31-08-2024,14:15:16,44,26,1015,78,4
31-08-2024,15:19:24,43,25,1013,88,3
31-08-2024,16:23:21,44,27,1012,83,4
31-08-2024,17:17:30,47,27,1012,78,3
31-08-2024,18:23:10,55,27,1012,78,4
31-08-2024,19:14:51,57,25,1013,88,3
31-08-2024,20:20:27,78,25,1014,88,3
31-08-2024,21:17:32,65,25,1014,88,4
31-08-2024,22:18:25,58,24,1015,94,4
31-08-2024,23:17:42,40,24,1015,94,4
01-09-2024,01:38:00,31,24,1014,94,2
01-09-2024,02:54:10,32,24,1014,94,2
01-09-2024,03:25:54,30,24,1014,94,3
01-09-2024,04:25:06,32,24,1014,94,2
01-09-2024,05:19:33,32,24,1014,94,2
01-09-2024,06:27:21,53,23,1014,94,2
01-09-2024,07:16:32,39,23,1015,100,2
01-09-2024,08:22:31,62,24,1015,94,2
01-09-2024,09:18:38,63,25,1016,83,2
01-09-2024,10:18:57,53,26,1016,83,2
01-09-2024,11:16:16,39,27,1016,74,3
01-09-2024,12:32:47,34,27,1016,78,3
01-09-2024,13:21:15,32,27,1016,78,3
01-09-2024,14:15:19,30,28,1014,74,3
01-09-2024,15:18:43,30,29,1014,70,3
01-09-2024,16:23:08,38,28,1013,74,3
01-09-2024,17:16:05,42,29,1013,70,2
01-09-2024,18:23:15,44,29,1013,70,2
01-09-2024,19:16:22,51,27,1013,78,2
01-09-2024,20:21:22,69,26,1014,88,2
01-09-2024,21:17:30,99,26,1015,83,2
01-09-2024,22:18:56,110,25,1015,94,2
01-09-2024,23:17:56,127,24,1016,100,2
02-09-2024,01:21:28,132,24,1016,94,3
02-09-2024,02:45:54,71,23,1015,94,4
02-09-2024,03:21:08,48,23,1015,94,2
02-09-2024,04:23:47,48,23,1015,94,2
02-09-2024,05:18:22,24,23,1015,100,2
02-09-2024,06:27:34,26,23,1016,100,2
02-09-2024,07:18:43,34,23,1016,94,2
02-09-2024,08:24:58,34,23,1016,94,2
02-09-2024,09:21:39,46,24,1017,94,2
02-09-2024,10:20:42,63,26,1017,83,2
02-09-2024,11:15:39,76,26,1017,83,2
02-09-2024,12:36:57,70,28,1016,74,3
02-09-2024,13:23:41,70,28,1016,74,3
02-09-2024,14:17:47,66,29,1014,70,3
02-09-2024,15:19:40,62,29,1013,70,2
02-09-2024,16:25:27,63,30,1012,66,5
02-09-2024,17:16:56,62,29,1012,65,4
02-09-2024,18:25:48,65,29,1012,65,2
02-09-2024,19:15:50,72,29,1012,65,2
02-09-2024,20:20:58,123,26,1014,83,2
02-09-2024,21:17:10,152,26,1014,83,2
02-09-2024,22:18:13,152,26,1014,83,2
02-09-2024,23:19:22,142,25,1015,94,1
03-09-2024,01:18:50,155,24,1014,94,2
03-09-2024,02:40:55,155,24,1014,94,2
03-09-2024,03:21:27,152,24,1013,94,2
03-09-2024,04:21:53,163,24,1013,94,2
03-09-2024,05:19:22,155,24,1013,94,2
03-09-2024,06:26:57,136,24,1013,94,3
03-09-2024,07:17:51,111,24,1014,94,2
03-09-2024,08:23:32,97,25,1015,88,2
03-09-2024,09:20:39,71,26,1016,83,5
03-09-2024,10:20:51,71,27,1015,83,4
03-09-2024,11:16:17,70,28,1015,78,4
03-09-2024,12:36:14,75,28,1014,74,4
03-09-2024,13:23:50,75,29,1014,74,4
03-09-2024,14:18:06,73,30,1013,66,3
03-09-2024,15:20:51,72,30,1012,66,3
03-09-2024,16:24:57,69,30,1012,66,3
03-09-2024,17:18:29,69,30,1012,66,3
03-09-2024,18:25:28,69,30,1012,62,3
03-09-2024,19:15:45,77,30,1012,62,3
03-09-2024,20:20:19,88,30,1012,62,3
03-09-2024,21:18:19,88,27,1014,78,3
03-09-2024,22:19:36,90,27,1014,78,2
03-09-2024,23:19:56,82,27,1014,83,2
04-09-2024,01:20:47,72,26,1014,88,4
04-09-2024,02:42:27,66,25,1013,94,4
04-09-2024,03:21:09,68,25,1013,88,2
04-09-2024,04:22:55,70,25,1013,88,2
04-09-2024,05:19:19,72,25,1013,88,2
04-09-2024,06:27:13,80,24,1014,88,2
04-09-2024,07:19:14,86,24,1014,94,1
04-09-2024,08:24:27,95,25,1015,88,2
04-09-2024,09:20:51,77,26,1016,83,3
04-09-2024,10:20:07,67,29,1016,65,4
04-09-2024,11:15:42,67,29,1016,65,4
04-09-2024,12:36:30,68,29,1016,65,4
04-09-2024,13:25:41,64,28,1016,69,4
04-09-2024,14:17:49,65,30,1014,62,3
04-09-2024,15:20:37,67,30,1014,62,3
04-09-2024,16:24:08,69,31,1012,58,3
04-09-2024,17:18:05,69,31,1012,58,3
04-09-2024,18:22:42,69,29,1013,65,3
04-09-2024,19:15:57,75,28,1013,69,3
04-09-2024,20:20:57,75,28,1013,69,3
04-09-2024,21:17:59,101,26,1014,83,3
04-09-2024,22:17:35,101,26,1014,83,3
04-09-2024,23:19:35,89,25,1016,88,2
05-09-2024,01:21:52,99,25,1016,88,2
05-09-2024,02:43:45,102,24,1014,94,2
05-09-2024,03:20:45,102,24,1014,94,2
05-09-2024,04:22:07,96,23,1014,100,2
05-09-2024,05:18:50,104,23,1014,94,2
05-09-2024,06:26:14,122,23,1014,94,2
05-09-2024,07:17:41,127,23,1015,94,2
05-09-2024,08:24:35,94,23,1015,94,2
05-09-2024,09:19:47,92,26,1016,78,2
05-09-2024,10:20:52,98,26,1016,78,2
05-09-2024,11:17:01,98,26,1016,78,2
05-09-2024,12:37:21,85,28,1015,74,2
05-09-2024,13:24:25,82,30,1014,66,4
05-09-2024,14:18:37,80,30,1014,66,4
05-09-2024,15:20:02,80,31,1012,58,4
05-09-2024,16:23:43,79,31,1012,58,4
05-09-2024,17:17:08,76,31,1012,58,4
05-09-2024,18:25:04,76,30,1012,66,3
05-09-2024,19:16:12,80,29,1013,70,2
05-09-2024,20:20:24,85,28,1013,78,2
05-09-2024,21:18:39,94,27,1013,83,2
05-09-2024,22:17:50,112,27,1014,83,3
05-09-2024,23:19:33,101,27,1015,83,1
06-09-2024,01:19:54,56,25,1014,94,3
06-09-2024,02:43:04,20,23,1014,88,6
06-09-2024,03:21:22,20,23,1014,88,6
06-09-2024,04:21:59,35,23,1013,88,3
06-09-2024,05:20:44,44,23,1013,94,1
06-09-2024,06:26:37,61,23,1014,94,2
06-09-2024,07:19:19,83,23,1014,94,1
06-09-2024,08:23:34,90,24,1015,94,1
06-09-2024,09:20:20,91,24,1015,94,1
06-09-2024,10:19:55,86,26,1015,78,2
06-09-2024,11:17:37,86,26,1015,78,2
06-09-2024,12:34:51,86,26,1015,88,3
06-09-2024,13:24:21,92,27,1014,78,3
06-09-2024,14:17:08,90,27,1013,83,3
